0x7f4	0x7ec
0x44ae	0x7ec
0x7ec	0x7ec
0x8d1	0x8d1
0x8da	0x8d1
0x14fb	0x14f1
0x27690x1472	0x14f1
0x27d10x1472	0x14f1
0x27950x1472	0x14f1
0x152a	0x14f1
0x1509	0x14f1
0x14f1	0x14f1
0x151d0x1472	0x14f1
0x26df0x1472	0x14f1
0x273b0x1472	0x14f1
0x27640x1472	0x14f1
0x276d0x1472	0x14f1
0x27a30x1472	0x14f1
0x27a90x1472	0x14f1
0x28360x1472	0x14f1
0x283f0x1472	0x14f1
0x62c60x1472	0x14f1
0x63120x1472	0x14f1
0x1ad4	0x1aca
0x109a0x1ac7	0x1aca
0x10670x1ac7	0x1aca
0xfe90x1ac7	0x1aca
0x1aef	0x1aca
0x1ae2	0x1aca
0x1aca	0x1aca
0xc5f0x1ac7	0x1aca
0xc8e0x1ac7	0x1aca
0xc970x1ac7	0x1aca
0xf230x1ac7	0x1aca
0xf610x1ac7	0x1aca
0xf850x1ac7	0x1aca
0xf870x1ac7	0x1aca
0xfa00x1ac7	0x1aca
0xfcd0x1ac7	0x1aca
0x100a0x1ac7	0x1aca
0x100f0x1ac7	0x1aca
0x101a0x1ac7	0x1aca
0x104a0x1ac7	0x1aca
0x10880x1ac7	0x1aca
0x10940x1ac7	0x1aca
0x10da0x1ac7	0x1aca
0x5dd70x1ac7	0x1aca
0x108d0x1ac7	0x1aca
0x1cd3	0x1cc9
0x27690x1bc1	0x1cc9
0x27d10x1bc1	0x1cc9
0x27950x1bc1	0x1cc9
0x1cf5	0x1cc9
0x1ce1	0x1cc9
0x1cc9	0x1cc9
0x151d0x1bc1	0x1cc9
0x26df0x1bc1	0x1cc9
0x273b0x1bc1	0x1cc9
0x27640x1bc1	0x1cc9
0x276d0x1bc1	0x1cc9
0x27a30x1bc1	0x1cc9
0x27a90x1bc1	0x1cc9
0x28360x1bc1	0x1cc9
0x283f0x1bc1	0x1cc9
0x62c60x1bc1	0x1cc9
0x63120x1bc1	0x1cc9
0x22d9	0x22d9
0x22e2	0x22d9
0x2304	0x2304
0x230d	0x2304
0x294e	0x294e
0x2957	0x294e
0x29fb	0x29fb
0x2a04	0x29fb
0x2b18	0x2b18
0x2b21	0x2b18
0x2bc5	0x2bc5
0x2bce	0x2bc5
0x2c87	0x2c87
0x2c90	0x2c87
0x2d34	0x2d34
0x2d3d	0x2d34
0x2e78	0x2e6f
0xbbe0x2e6c	0x2e6f
0xb8b0x2e6c	0x2e6f
0xb050x2e6c	0x2e6f
0xab30x2e6c	0x2e6f
0x2e98	0x2e6f
0x2e86	0x2e6f
0x63a4	0x2e6f
0x2e6f	0x2e6f
0xa380x2e6c	0x2e6f
0xa760x2e6c	0x2e6f
0xa980x2e6c	0x2e6f
0xa9a0x2e6c	0x2e6f
0xadb0x2e6c	0x2e6f
0xae90x2e6c	0x2e6f
0xb260x2e6c	0x2e6f
0xb2b0x2e6c	0x2e6f
0xb360x2e6c	0x2e6f
0xb600x2e6c	0x2e6f
0xb6e0x2e6c	0x2e6f
0xbac0x2e6c	0x2e6f
0xbb80x2e6c	0x2e6f
0xbfe0x2e6c	0x2e6f
0xc5f0x2e6c	0x2e6f
0xc8e0x2e6c	0x2e6f
0xc970x2e6c	0x2e6f
0x5c780x2e6c	0x2e6f
0xbb10x2e6c	0x2e6f
0x3fa7	0x3fa7
0x3fb0	0x3fa7
0x41f5	0x41de
0x41fe	0x41de
0x41de	0x41de
0x41e7	0x41de
0x433c	0x433c
0x4345	0x433c
0x458d	0x4579
0x4579	0x4579
0x4583	0x4579
0x463e	0x4635
0x464c	0x4635
0x4635	0x4635
0x4fc0	0x4f82
0x5006	0x4f82
0x501e	0x4f82
0x502c	0x4f82
0x5040	0x4f82
0x5064	0x4f82
0x4f82	0x4f82
0x4f8b	0x4f82
0x544d	0x544d
0x5456	0x544d
0x1ab9	0x33da0x1563
0x5ff9	0x33da0x1563
0xd980x1563	0x33da0x1563
0x33da0x1563	0x33da0x1563
0x344e0x1563	0x33da0x1563
0x65820x1563	0x33da0x1563
0xd950x1563	0x33da0x1563
0x35c60x21f1	0x35c60x21f1
0x35cf0x21f1	0x35c60x21f1
0x35c60x2264	0x35c60x2264
0x35cf0x2264	0x35c60x2264
0x35c60x34b9	0x35c60x34b9
0x35cf0x34b9	0x35c60x34b9
0x392b0x37d4	0x392b0x37d4
0x39350x37d4	0x392b0x37d4
0x39430x37d4	0x392b0x37d4
0x39790x37d4	0x392b0x37d4
0x398f0x37d4	0x392b0x37d4
0x39cb0x37d4	0x392b0x37d4
0x39e10x37d4	0x392b0x37d4
0x39f70x37d4	0x392b0x37d4
0x392b0x37fa	0x392b0x37fa
0x39350x37fa	0x392b0x37fa
0x39430x37fa	0x392b0x37fa
0x39790x37fa	0x392b0x37fa
0x398f0x37fa	0x392b0x37fa
0x39cb0x37fa	0x392b0x37fa
0x39e10x37fa	0x392b0x37fa
0x39f70x37fa	0x392b0x37fa
0x40df0x3f7c	0x40df0x3f7c
0x40e80x3f7c	0x40df0x3f7c
0x40df0x442e	0x40df0x442e
0x40e80x442e	0x40df0x442e
0x1ab9	0xd950x1563
0xd980x1563	0xd950x1563
0x344e0x1563	0xd950x1563
0x65820x1563	0xd950x1563
0xd950x1563	0xd950x1563
