0x5c2	0x5c2arg0x0	0
0x5c2	0x5c2arg0x1	1
0x5c2	0x5c2arg0x2	2
0x5c2	0x5c2arg0x3	3
0x5c2	0x5c2arg0x4	4
0x5c2	0x5c2arg0x5	5
0x852	0x852arg0x0	0
0x852	0x852arg0x1	1
0x852	0x852arg0x2	2
0x852	0x852arg0x3	3
0x852	0x852arg0x4	4
0x852	0x852arg0x5	5
0x932	0x932arg0x0	0
0x932	0x932arg0x1	1
0x932	0x932arg0x2	2
0x932	0x932arg0x3	3
0x932	0x932arg0x4	4
0x932	0x932arg0x5	5
0x9e5	0x9e5arg0x0	0
0x9e5	0x9e5arg0x1	1
0x9e5	0x9e5arg0x2	2
0x9e5	0x9e5arg0x3	3
0x9e5	0x9e5arg0x4	4
0xa38	0xa38arg0x0	0
0xa38	0xa38arg0x1	1
0xc9f	0xc9farg0x0	0
0xc9f	0xc9farg0x1	1
0xc9f	0xc9farg0x2	2
0xc9f	0xc9farg0x3	3
0xc9f	0xc9farg0x4	4
0xc9f	0xc9farg0x5	5
0xd6a	0xd6aarg0x0	0
0xd6a	0xd6aarg0x1	1
0xd6a	0xd6aarg0x2	2
0xe10	0xe10arg0x0	0
0xe10	0xe10arg0x1	1
0xe10	0xe10arg0x2	2
0xe10	0xe10arg0x3	3
0xe10	0xe10arg0x4	4
0xe10	0xe10arg0x5	5
0xf23	0xf23arg0x0	0
0xf23	0xf23arg0x1	1
0x113e	0x113earg0x0	0
0x113e	0x113earg0x1	1
0x113e	0x113earg0x2	2
0x117d	0x117darg0x0	0
0x117d	0x117darg0x1	1
0x117d	0x117darg0x2	2
0x117d	0x117darg0x3	3
0x117d	0x117darg0x4	4
0x117d	0x117darg0x5	5
0x121d	0x121darg0x0	0
0x121d	0x121darg0x1	1
0x121d	0x121darg0x2	2
0x121d	0x121darg0x3	3
0x121d	0x121darg0x4	4
0x121d	0x121darg0x5	5
0x121d	0x121darg0x6	6
0x121d	0x121darg0x7	7
0x121d	0x121darg0x8	8
0x1393	0x1393arg0x0	0
0x1393	0x1393arg0x1	1
0x1472	0x1472arg0x0	0
0x1472	0x1472arg0x1	1
0x1472	0x1472arg0x2	2
0x1472	0x1472arg0x3	3
0x1472	0x1472arg0x4	4
0x1472	0x1472arg0x5	5
0x153b	0x153barg0x0	0
0x153b	0x153barg0x1	1
0x153b	0x153barg0x2	2
0x153b	0x153barg0x3	3
0x153b	0x153barg0x4	4
0x153b	0x153barg0x5	5
0x1550	0x1550arg0x0	0
0x1550	0x1550arg0x1	1
0x1550	0x1550arg0x2	2
0x1550	0x1550arg0x3	3
0x1550	0x1550arg0x4	4
0x1550	0x1550arg0x5	5
0x1563	0x1563arg0x0	0
0x1563	0x1563arg0x1	1
0x1ac7	0x1ac7arg0x0	0
0x1ac7	0x1ac7arg0x1	1
0x1afb	0x1afbarg0x0	0
0x1afb	0x1afbarg0x1	1
0x1afb	0x1afbarg0x2	2
0x1afb	0x1afbarg0x3	3
0x1b21	0x1b21arg0x0	0
0x1b21	0x1b21arg0x1	1
0x1b21	0x1b21arg0x2	2
0x1b21	0x1b21arg0x3	3
0x1b21	0x1b21arg0x4	4
0x1b21	0x1b21arg0x5	5
0x1bb7	0x1bb7arg0x0	0
0x1bb7	0x1bb7arg0x1	1
0x1bb7	0x1bb7arg0x2	2
0x1bc1	0x1bc1arg0x0	0
0x1bc1	0x1bc1arg0x1	1
0x1bc1	0x1bc1arg0x2	2
0x1bc1	0x1bc1arg0x3	3
0x1bc1	0x1bc1arg0x4	4
0x1bc1	0x1bc1arg0x5	5
0x1bc1	0x1bc1arg0x6	6
0x1cfd	0x1cfdarg0x0	0
0x1cfd	0x1cfdarg0x1	1
0x1cfd	0x1cfdarg0x2	2
0x1cfd	0x1cfdarg0x3	3
0x1cfd	0x1cfdarg0x4	4
0x1d9b	0x1d9barg0x0	0
0x1d9b	0x1d9barg0x1	1
0x1d9b	0x1d9barg0x2	2
0x1ed8	0x1ed8arg0x0	0
0x1ed8	0x1ed8arg0x1	1
0x1ed8	0x1ed8arg0x2	2
0x1ed8	0x1ed8arg0x3	3
0x1ed8	0x1ed8arg0x4	4
0x1ed8	0x1ed8arg0x5	5
0x1eeb	0x1eebarg0x0	0
0x1eeb	0x1eebarg0x1	1
0x1eeb	0x1eebarg0x2	2
0x1eeb	0x1eebarg0x3	3
0x1f0c	0x1f0carg0x0	0
0x1f0c	0x1f0carg0x1	1
0x1f0c	0x1f0carg0x2	2
0x1f0c	0x1f0carg0x3	3
0x1f5f	0x1f5farg0x0	0
0x1f5f	0x1f5farg0x1	1
0x1f5f	0x1f5farg0x2	2
0x1f5f	0x1f5farg0x3	3
0x1ffa	0x1ffaarg0x0	0
0x1ffa	0x1ffaarg0x1	1
0x1ffa	0x1ffaarg0x2	2
0x1ffa	0x1ffaarg0x3	3
0x1ffa	0x1ffaarg0x4	4
0x2086	0x2086arg0x0	0
0x2086	0x2086arg0x1	1
0x2086	0x2086arg0x2	2
0x20f9	0x20f9arg0x0	0
0x20f9	0x20f9arg0x1	1
0x20f9	0x20f9arg0x2	2
0x217a	0x217aarg0x0	0
0x217a	0x217aarg0x1	1
0x217a	0x217aarg0x2	2
0x21f1	0x21f1arg0x0	0
0x21f1	0x21f1arg0x1	1
0x21f1	0x21f1arg0x2	2
0x21f1	0x21f1arg0x3	3
0x220b	0x220barg0x0	0
0x220b	0x220barg0x1	1
0x220b	0x220barg0x2	2
0x220b	0x220barg0x3	3
0x2264	0x2264arg0x0	0
0x2264	0x2264arg0x1	1
0x2264	0x2264arg0x2	2
0x2264	0x2264arg0x3	3
0x2264	0x2264arg0x4	4
0x2397	0x2397arg0x0	0
0x2397	0x2397arg0x1	1
0x2397	0x2397arg0x2	2
0x2397	0x2397arg0x3	3
0x2397	0x2397arg0x4	4
0x2397	0x2397arg0x5	5
0x2397	0x2397arg0x6	6
0x2617	0x2617arg0x0	0
0x2617	0x2617arg0x1	1
0x2617	0x2617arg0x2	2
0x26df	0x26dfarg0x0	0
0x26df	0x26dfarg0x1	1
0x26df	0x26dfarg0x2	2
0x26df	0x26dfarg0x3	3
0x2848	0x2848arg0x0	0
0x2848	0x2848arg0x1	1
0x2848	0x2848arg0x2	2
0x2dd6	0x2dd6arg0x0	0
0x2dd6	0x2dd6arg0x1	1
0x2e29	0x2e29arg0x0	0
0x2e29	0x2e29arg0x1	1
0x2e29	0x2e29arg0x2	2
0x2e29	0x2e29arg0x3	3
0x2e6c	0x2e6carg0x0	0
0x2e6c	0x2e6carg0x1	1
0x2e6c	0x2e6carg0x2	2
0x2ea0	0x2ea0arg0x0	0
0x2ea0	0x2ea0arg0x1	1
0x2ea0	0x2ea0arg0x2	2
0x2ea0	0x2ea0arg0x3	3
0x2f2d	0x2f2darg0x0	0
0x2f2d	0x2f2darg0x1	1
0x2f2d	0x2f2darg0x2	2
0x2f2d	0x2f2darg0x3	3
0x2f2d	0x2f2darg0x4	4
0x3275	0x3275arg0x0	0
0x3275	0x3275arg0x1	1
0x3275	0x3275arg0x2	2
0x3275	0x3275arg0x3	3
0x32f3	0x32f3arg0x0	0
0x32f3	0x32f3arg0x1	1
0x32f3	0x32f3arg0x2	2
0x3345	0x3345arg0x0	0
0x3345	0x3345arg0x1	1
0x3345	0x3345arg0x2	2
0x338b	0x338barg0x0	0
0x338b	0x338barg0x1	1
0x338b	0x338barg0x2	2
0x33da	0x33daarg0x0	0
0x33da	0x33daarg0x1	1
0x33da	0x33daarg0x2	2
0x344e	0x344earg0x0	0
0x344e	0x344earg0x1	1
0x344e	0x344earg0x2	2
0x3466	0x3466arg0x0	0
0x3466	0x3466arg0x1	1
0x34b9	0x34b9arg0x0	0
0x34b9	0x34b9arg0x1	1
0x34b9	0x34b9arg0x2	2
0x34b9	0x34b9arg0x3	3
0x37be	0x37bearg0x0	0
0x37be	0x37bearg0x1	1
0x37be	0x37bearg0x2	2
0x37d4	0x37d4arg0x0	0
0x37d4	0x37d4arg0x1	1
0x37fa	0x37faarg0x0	0
0x37fa	0x37faarg0x1	1
0x3a36	0x3a36arg0x0	0
0x3a36	0x3a36arg0x1	1
0x3a36	0x3a36arg0x2	2
0x3a36	0x3a36arg0x3	3
0x3a36	0x3a36arg0x4	4
0x3b39	0x3b39arg0x0	0
0x3b39	0x3b39arg0x1	1
0x3b39	0x3b39arg0x2	2
0x3c11	0x3c11arg0x0	0
0x3c11	0x3c11arg0x1	1
0x3c11	0x3c11arg0x2	2
0x3c11	0x3c11arg0x3	3
0x3c11	0x3c11arg0x4	4
0x3c11	0x3c11arg0x5	5
0x3c11	0x3c11arg0x6	6
0x3dc3	0x3dc3arg0x0	0
0x3dc3	0x3dc3arg0x1	1
0x3dc3	0x3dc3arg0x2	2
0x3ddf	0x3ddfarg0x0	0
0x3ddf	0x3ddfarg0x1	1
0x3ddf	0x3ddfarg0x2	2
0x3ddf	0x3ddfarg0x3	3
0x3ddf	0x3ddfarg0x4	4
0x3ddf	0x3ddfarg0x5	5
0x3f19	0x3f19arg0x0	0
0x3f19	0x3f19arg0x1	1
0x3f19	0x3f19arg0x2	2
0x3f19	0x3f19arg0x3	3
0x3f19	0x3f19arg0x4	4
0x3f19	0x3f19arg0x5	5
0x3f7c	0x3f7carg0x0	0
0x3f7c	0x3f7carg0x1	1
0x3f7c	0x3f7carg0x2	2
0x41bb	0x41bbarg0x0	0
0x41bb	0x41bbarg0x1	1
0x41bb	0x41bbarg0x2	2
0x41bb	0x41bbarg0x3	3
0x41ca	0x41caarg0x0	0
0x41ca	0x41caarg0x1	1
0x4224	0x4224arg0x0	0
0x4224	0x4224arg0x1	1
0x4224	0x4224arg0x2	2
0x4241	0x4241arg0x0	0
0x4241	0x4241arg0x1	1
0x4241	0x4241arg0x2	2
0x4241	0x4241arg0x3	3
0x4241	0x4241arg0x4	4
0x43fb	0x43fbarg0x0	0
0x43fb	0x43fbarg0x1	1
0x43fb	0x43fbarg0x2	2
0x442e	0x442earg0x0	0
0x442e	0x442earg0x1	1
0x442e	0x442earg0x2	2
0x442e	0x442earg0x3	3
0x4516	0x4516arg0x0	0
0x4534	0x4534arg0x0	0
0x4534	0x4534arg0x1	1
0x4534	0x4534arg0x2	2
0x45ad	0x45adarg0x0	0
0x45ad	0x45adarg0x1	1
0x45ad	0x45adarg0x2	2
0x45f6	0x45f6arg0x0	0
0x45f6	0x45f6arg0x1	1
0x45f6	0x45f6arg0x2	2
0x466b	0x466barg0x0	0
0x466b	0x466barg0x1	1
0x466b	0x466barg0x2	2
0x46ab	0x46abarg0x0	0
0x46ab	0x46abarg0x1	1
0x46ab	0x46abarg0x2	2
0x4787	0x4787arg0x0	0
0x4787	0x4787arg0x1	1
0x4787	0x4787arg0x2	2
0x47ef	0x47efarg0x0	0
0x47ef	0x47efarg0x1	1
0x47ef	0x47efarg0x2	2
0x481a	0x481aarg0x0	0
0x481a	0x481aarg0x1	1
0x481a	0x481aarg0x2	2
0x4968	0x4968arg0x0	0
0x4968	0x4968arg0x1	1
0x4968	0x4968arg0x2	2
0x499b	0x499barg0x0	0
0x499b	0x499barg0x1	1
0x499b	0x499barg0x2	2
0x4ab0	0x4ab0arg0x0	0
0x4ab0	0x4ab0arg0x1	1
0x4ab0	0x4ab0arg0x2	2
0x4adf	0x4adfarg0x0	0
0x4adf	0x4adfarg0x1	1
0x4adf	0x4adfarg0x2	2
0x4b79	0x4b79arg0x0	0
0x4b79	0x4b79arg0x1	1
0x4b79	0x4b79arg0x2	2
0x4c2c	0x4c2carg0x0	0
0x4c2c	0x4c2carg0x1	1
0x4c2c	0x4c2carg0x2	2
0x4c86	0x4c86arg0x0	0
0x4c86	0x4c86arg0x1	1
0x4c86	0x4c86arg0x2	2
0x4ce0	0x4ce0arg0x0	0
0x4ce0	0x4ce0arg0x1	1
0x4ce0	0x4ce0arg0x2	2
0x4d31	0x4d31arg0x0	0
0x4d31	0x4d31arg0x1	1
0x4d31	0x4d31arg0x2	2
0x4d69	0x4d69arg0x0	0
0x4d69	0x4d69arg0x1	1
0x4d69	0x4d69arg0x2	2
0x4d9c	0x4d9carg0x0	0
0x4d9c	0x4d9carg0x1	1
0x4d9c	0x4d9carg0x2	2
0x4e88	0x4e88arg0x0	0
0x4e88	0x4e88arg0x1	1
0x4e88	0x4e88arg0x2	2
0x4ea0	0x4ea0arg0x0	0
0x4ea0	0x4ea0arg0x1	1
0x4ea0	0x4ea0arg0x2	2
0x4f4a	0x4f4aarg0x0	0
0x4f4a	0x4f4aarg0x1	1
0x4f4a	0x4f4aarg0x2	2
0x4f6b	0x4f6barg0x0	0
0x4f6b	0x4f6barg0x1	1
0x4f6b	0x4f6barg0x2	2
0x4f6b	0x4f6barg0x3	3
0x50ac	0x50acarg0x0	0
0x50ac	0x50acarg0x1	1
0x50ac	0x50acarg0x2	2
0x50ac	0x50acarg0x3	3
0x50bc	0x50bcarg0x0	0
0x50bc	0x50bcarg0x1	1
0x50bc	0x50bcarg0x2	2
0x50d8	0x50d8arg0x0	0
0x50d8	0x50d8arg0x1	1
0x50d8	0x50d8arg0x2	2
0x50d8	0x50d8arg0x3	3
0x50d8	0x50d8arg0x4	4
0x514d	0x514darg0x0	0
0x514d	0x514darg0x1	1
0x514d	0x514darg0x2	2
0x514d	0x514darg0x3	3
0x514d	0x514darg0x4	4
0x517e	0x517earg0x0	0
0x517e	0x517earg0x1	1
0x517e	0x517earg0x2	2
0x51cf	0x51cfarg0x0	0
0x51cf	0x51cfarg0x1	1
0x5319	0x5319arg0x0	0
0x5319	0x5319arg0x1	1
0x5387	0x5387arg0x0	0
0x5387	0x5387arg0x1	1
0x5387	0x5387arg0x2	2
0x5390	0x5390arg0x0	0
0x5390	0x5390arg0x1	1
0x5390	0x5390arg0x2	2
0x53f3	0x53f3arg0x0	0
0x53f3	0x53f3arg0x1	1
0x53f3	0x53f3arg0x2	2
0x5426	0x5426arg0x0	0
0x5426	0x5426arg0x1	1
0x544a	0x544aarg0x0	0
0x544a	0x544aarg0x1	1
0x544a	0x544aarg0x2	2
0x544a	0x544aarg0x3	3
0x5476	0x5476arg0x0	0
0x5476	0x5476arg0x1	1
