0x7f9	0x7ec
0x7fe	0x7ec
0x8e4	0x8d1
0x152d	0x14f1
0x1af2	0x1aca
0x1cf8	0x1cc9
0x22ec	0x22d9
0x2317	0x2304
0x297e	0x294e
0x2984	0x294e
0x2986	0x294e
0x2a2b	0x29fb
0x2a31	0x29fb
0x2a33	0x29fb
0x2b48	0x2b18
0x2b4e	0x2b18
0x2b50	0x2b18
0x2bf5	0x2bc5
0x2bfb	0x2bc5
0x2bfd	0x2bc5
0x2cb7	0x2c87
0x2cbd	0x2c87
0x2cbf	0x2c87
0x2d64	0x2d34
0x2d6a	0x2d34
0x2d6c	0x2d34
0x2e9b	0x2e6f
0x3fd7	0x3fa7
0x3fdd	0x3fa7
0x3fdf	0x3fa7
0x436c	0x433c
0x4372	0x433c
0x4374	0x433c
0x4594	0x4579
0x4599	0x4579
0x459d	0x4579
0x4651	0x4635
0x4655	0x4635
0x4659	0x4635
0x5043	0x4f82
0x504b	0x4f82
0x5052	0x4f82
0x5460	0x544d
0x15630x6587_0x0	0x33da0x1563
0x15630x6587_0x0	0xd950x1563
0x7f4_0x1	0x7ec
0x7f4_0x2	0x7ec
0x8d1_0x0	0x8d1
0x8da_0x0	0x8d1
0x14f1_0x0	0x14f1
0x14fb_0x0	0x14f1
0x1509_0x0	0x14f1
0x1509_0x3	0x14f1
0x152a_0x0	0x14f1
0x1aca_0x0	0x1aca
0x1ad4_0x0	0x1aca
0x1ae2_0x0	0x1aca
0x1aef_0x0	0x1aca
0x1cc9_0x0	0x1cc9
0x1cd3_0x0	0x1cc9
0x1ce1_0x0	0x1cc9
0x1ce1_0x3	0x1cc9
0x1cf5_0x0	0x1cc9
0x22d9_0x0	0x22d9
0x22e2_0x0	0x22d9
0x2304_0x0	0x2304
0x230d_0x0	0x2304
0x294e_0x2	0x294e
0x2957_0x0	0x294e
0x2957_0x1	0x294e
0x2957_0x2	0x294e
0x29fb_0x2	0x29fb
0x2a04_0x0	0x29fb
0x2a04_0x1	0x29fb
0x2a04_0x2	0x29fb
0x2b18_0x2	0x2b18
0x2b21_0x0	0x2b18
0x2b21_0x1	0x2b18
0x2b21_0x2	0x2b18
0x2bc5_0x2	0x2bc5
0x2bce_0x0	0x2bc5
0x2bce_0x1	0x2bc5
0x2bce_0x2	0x2bc5
0x2c87_0x2	0x2c87
0x2c90_0x0	0x2c87
0x2c90_0x1	0x2c87
0x2c90_0x2	0x2c87
0x2d34_0x2	0x2d34
0x2d3d_0x0	0x2d34
0x2d3d_0x1	0x2d34
0x2d3d_0x2	0x2d34
0x2e6f_0x0	0x2e6f
0x2e78_0x0	0x2e6f
0x2e86_0x0	0x2e6f
0x2e98_0x0	0x2e6f
0x3fa7_0x2	0x3fa7
0x3fb0_0x0	0x3fa7
0x3fb0_0x1	0x3fa7
0x3fb0_0x2	0x3fa7
0x433c_0x2	0x433c
0x4345_0x0	0x433c
0x4345_0x1	0x433c
0x4345_0x2	0x433c
0x4579_0x0	0x4579
0x4583_0x1	0x4579
0x458d_0x1	0x4579
0x458d_0x2	0x4579
0x458d_0x3	0x4579
0x4635_0x0	0x4635
0x463e_0x1	0x4635
0x464c_0x1	0x4635
0x464c_0x2	0x4635
0x464c_0x4	0x4635
0x4f82_0x0	0x4f82
0x4f8b_0x1	0x4f82
0x4f8b_0x8	0x4f82
0x5040_0x6	0x4f82
0x5040_0x7	0x4f82
0x5040_0xe	0x4f82
0x544d_0x0	0x544d
0x5456_0x0	0x544d
0x151d0x1472_0x0	0x14f1
0x151d0x1bc1_0x0	0x1cc9
0x33da0x1563_0x1	0x33da0x1563
0x35c60x21f1_0x2	0x35c60x21f1
0x35c60x2264_0x2	0x35c60x2264
0x35c60x34b9_0x2	0x35c60x34b9
0x35cf0x21f1_0x0	0x35c60x21f1
0x35cf0x21f1_0x1	0x35c60x21f1
0x35cf0x21f1_0x2	0x35c60x21f1
0x35cf0x2264_0x0	0x35c60x2264
0x35cf0x2264_0x1	0x35c60x2264
0x35cf0x2264_0x2	0x35c60x2264
0x35cf0x34b9_0x0	0x35c60x34b9
0x35cf0x34b9_0x1	0x35c60x34b9
0x35cf0x34b9_0x2	0x35c60x34b9
0x392b0x37d4_0x0	0x392b0x37d4
0x392b0x37fa_0x0	0x392b0x37fa
0x39350x37d4_0x0	0x392b0x37d4
0x39350x37fa_0x0	0x392b0x37fa
0x39430x37d4_0x0	0x392b0x37d4
0x39430x37fa_0x0	0x392b0x37fa
0x39790x37d4_0x2	0x392b0x37d4
0x39790x37fa_0x2	0x392b0x37fa
0x398f0x37d4_0x3	0x392b0x37d4
0x398f0x37fa_0x3	0x392b0x37fa
0x39cb0x37d4_0x0	0x392b0x37d4
0x39cb0x37fa_0x0	0x392b0x37fa
0x39e10x37d4_0x2	0x392b0x37d4
0x39e10x37fa_0x2	0x392b0x37fa
0x39f70x37d4_0x3	0x392b0x37d4
0x39f70x37fa_0x3	0x392b0x37fa
0x40df0x3f7c_0x0	0x40df0x3f7c
0x40df0x442e_0x0	0x40df0x442e
0x40e80x3f7c_0x0	0x40df0x3f7c
0x40e80x442e_0x0	0x40df0x442e
0x65820x1563_0x1	0x33da0x1563
0x3f7c0x40f2	0x40df0x3f7c
0x442e0x40f2	0x40df0x442e
0x37d40x3a29	0x392b0x37d4
0x37fa0x3a29	0x392b0x37fa
0x21f10x35fe	0x35c60x21f1
0x22640x35fe	0x35c60x2264
0x34b90x35fe	0x35c60x34b9
0x21f10x35fc	0x35c60x21f1
0x22640x35fc	0x35c60x2264
0x34b90x35fc	0x35c60x34b9
0x21f10x35f6	0x35c60x21f1
0x22640x35f6	0x35c60x2264
0x34b90x35f6	0x35c60x34b9
0x15630x33df	0x33da0x1563
