0x6c50	0x220
0x6c53	0x233
0x6c56	0x253
0x6c59	0x273
0x6c5c	0x293
0x6c5f	0x2b3
0x6c62	0x2c6
0x6c65	0x2fc
0x6c68	0x31c
0x6c6b	0x33c
0x6c6e	0x35c
0x6c71	0x37c
0x6c74	0x39c
0x6c77	0x3bc
0x6c7a	0x3cf
0x6c7d	0x3ef
0x6c80	0x40f
0x6c83	0x42f
0x6c86	0x44f
0x6c89	0x46f
0x6c8c	0x48f
0x6c8f	0x4af
0x6c92	0x4cf
0x6c95	0x4ef
0x6c98	0x50f
0x6c9b	0x52f
0x6c9e	0x54f
0x6ca1	0x56f
0x6ca4	0x58f
0x6ca7	0x5a2
0x22e	0x5c2
0x24e	0x852
0x26e	0x932
0x28e	0x9e5
0x5793	0xa38
0x2c1	0xc9f
0x2e1	0xd6a
0x337	0xe10
0x357	0xf23
0x7b7	0xf23
0x7cc	0xf23
0x283f0x1472	0xf23
0x283f0x1bc1	0xf23
0x283f0x26df	0xf23
0x377	0x113e
0x397	0x117d
0x3b7	0x121d
0x3ca	0x1393
0x40a	0x1472
0x42a	0x153b
0x44a	0x1550
0x46a	0x1563
0x48a	0x1ac7
0x830	0x1ac7
0x4aa	0x1afb
0x4ca	0x1b21
0x4ea	0x1bb7
0x1b43	0x1bb7
0x50a	0x1bc1
0x52a	0x1cfd
0x223a	0x1d9b
0x54a	0x1ed8
0x56a	0x1eeb
0x58a	0x1f0c
0x59d	0x1f5f
0x5bd	0x1ffa
0x5e6	0x2086
0x2517	0x2086
0x252b	0x2086
0x2539	0x2086
0x344e	0x2086
0x3d17	0x2086
0x3d1e	0x2086
0x3dc3	0x2086
0x3e97	0x2086
0x3f2a	0x2086
0x4224	0x2086
0x5c05	0x2086
0x5d39	0x2086
0x5f38	0x2086
0x616e	0x2086
0x676c	0x2086
0x6791	0x2086
0x67b6	0x2086
0x6824	0x2086
0x344e0x1563	0x2086
0x254b	0x20f9
0x3d3a	0x20f9
0x43fb	0x20f9
0x5b27	0x20f9
0x5be0	0x20f9
0x5d14	0x20f9
0x5f13	0x20f9
0x6149	0x20f9
0x6722	0x20f9
0x6747	0x20f9
0x6895	0x20f9
0x65820x1563	0x20f9
0x65820x344e	0x20f9
0x610	0x217a
0xd6a	0x217a
0x1925	0x217a
0x1942	0x217a
0x197b	0x217a
0x1b75	0x217a
0x250b	0x217a
0x30aa	0x217a
0x318a	0x217a
0x3333	0x217a
0x3379	0x217a
0x3cfc	0x217a
0x3df4	0x217a
0x3e43	0x217a
0x3e57	0x217a
0x3e68	0x217a
0x3eaf	0x217a
0x3ee5	0x217a
0x3f19	0x217a
0x3f53	0x217a
0x923	0x21f1
0x1ecd	0x21f1
0x222c	0x220b
0x2286	0x2264
0x932	0x2397
0x153b	0x2397
0x1550	0x2397
0x1ed8	0x2397
0x9e5	0x2617
0x113e	0x2617
0x14ac	0x2617
0x1b21	0x2617
0x1b4f	0x2617
0x1f0c	0x2617
0xa2b	0x26df
0xf0c	0x26df
0xe85	0x2848
0x12f6	0x2848
0x1c70	0x2848
0x4056	0x2848
0xbbe0xa38	0x2848
0xbbe0x2e6c	0x2848
0x109a0xf23	0x2848
0x109a0x1ac7	0x2848
0xcf1	0x2dd6
0xd0c	0x2e29
0xd60	0x2e6c
0x1bb7	0x2e6c
0xd9e	0x2ea0
0x203c	0x2ea0
0x2066	0x2ea0
0x32d2	0x2ea0
0x117d	0x2f2d
0x1364	0x3275
0x1afb	0x3275
0x18f3	0x32f3
0x198b	0x32f3
0x191c	0x3345
0x196b	0x338b
0x1991	0x33da
0x338b	0x33da
0x3d2c	0x33da
0x3e1e	0x33da
0x3e2e	0x33da
0x3ed5	0x33da
0x622f	0x33da
0x67ff	0x33da
0x68ba	0x33da
0x27950x1472	0x33da
0x27950x1bc1	0x33da
0x27950x26df	0x33da
0x32f3	0x344e
0x3345	0x344e
0x33a5	0x344e
0x3ef9	0x344e
0x2617	0x3466
0x327c	0x3466
0x34b9	0x3466
0x26170x21f1	0x3466
0x26170x220b	0x3466
0x34b90x21f1	0x3466
0x34b90x2264	0x3466
0x1eeb	0x34b9
0x1f4f	0x37be
0x2af7	0x37d4
0x2c6a	0x37fa
0x2e29	0x3a36
0x2ea0	0x3b39
0x30c6	0x3c11
0x31ab	0x3c11
0x330c	0x3dc3
0x335e	0x3dc3
0x3ddf	0x3dc3
0x3e0d	0x3dc3
0x3e84	0x3dc3
0x3f45	0x3dc3
0x67db	0x3dc3
0x6871	0x3dc3
0x68df	0x3dc3
0x64b4	0x3ddf
0x6507	0x3ddf
0x33bf	0x3f19
0x36a20x21f1	0x3f7c
0x36a20x2264	0x3f7c
0x36a20x34b9	0x3f7c
0x37310x21f1	0x3f7c
0x37310x2264	0x3f7c
0x37310x34b9	0x3f7c
0x3b39	0x41bb
0x3eaa	0x41ca
0x3f0f	0x4224
0x3f3f	0x4224
0x41bb	0x4241
0x423b	0x43fb
0x43e0	0x442e
0x21f1	0x4516
0x21fb	0x4516
0x4cb6	0x4534
0x4ed9	0x4534
0x47d2	0x45ad
0x4842	0x45ad
0x4887	0x45ad
0x48f9	0x45ad
0x49eb	0x45ad
0x4a8f	0x45ad
0x498f	0x45f6
0x49ca	0x45f6
0x4a6e	0x45f6
0x4a21	0x466b
0x4d19	0x466b
0x4e04	0x466b
0x463e	0x46ab
0x4d90	0x46ab
0x4dca	0x46ab
0x4e3c	0x46ab
0x2b3	0x4787
0x368	0x47ef
0x45b	0x47ef
0x4db	0x481a
0x47b	0x4968
0x4fb	0x499b
0x3db	0x4ab0
0x308	0x4adf
0x58f	0x4adf
0x49b	0x4b79
0x55b	0x4b79
0x25f	0x4c2c
0x41b	0x4c2c
0x43b	0x4c2c
0x53b	0x4c2c
0x51b	0x4c86
0x5ae	0x4ce0
0x29f	0x4d31
0x348	0x4d69
0x328	0x4d9c
0xef6	0x4e88
0x171b	0x4e88
0x17a2	0x4e88
0x1829	0x4e88
0x18b0	0x4e88
0x19ff	0x4e88
0x1a80	0x4e88
0x1cae	0x4e88
0x23f	0x4ea0
0x166e	0x4f4a
0x50d8	0x4f6b
0x5108	0x4f6b
0xe10	0x50ac
0x1bfb	0x50ac
0xadb0xa38	0x50ac
0xadb0x2e6c	0x50ac
0xb600xa38	0x50ac
0xb600x2e6c	0x50ac
0xfa00xf23	0x50bc
0xfa00x1ac7	0x50bc
0x101a0xf23	0x50bc
0x101a0x1ac7	0x50bc
0xc9f	0x50d8
0x63c	0x514d
0x694	0x514d
0x1357	0x517e
0xc2c0xa38	0x517e
0xc2c0x2e6c	0x517e
0xc5f0xa38	0x517e
0xc5f0xf23	0x517e
0xc5f0x1ac7	0x517e
0xc5f0x2e6c	0x517e
0xec30xe10	0x517e
0xec30x1bc1	0x517e
0x110b0xf23	0x517e
0x110b0x1ac7	0x517e
0xa450xa38	0x51cf
0xa450x2e6c	0x51cf
0xf300xf23	0x51cf
0xf300x1ac7	0x51cf
0x147b	0x5319
0x1bca	0x5319
0x57d8	0x5387
0x5867	0x5387
0x58f6	0x5387
0x5985	0x5387
0x5ab9	0x5387
0xab30xa38	0x5390
0xab30x2e6c	0x5390
0xb360xa38	0x5390
0xb360x2e6c	0x5390
0x2e86	0x53f3
0x461c	0x5426
0x4720	0x5426
0x50bc	0x544a
0x517e	0x544a
0x4583	0x5476
0x479e	0x5476
0x4801	0x5476
0x4893	0x5476
0x48a7	0x5476
0x4905	0x5476
0x4920	0x5476
0x4930	0x5476
0x4940	0x5476
0x49f7	0x5476
0x4a9c	0x5476
0x4ac2	0x5476
0x4af3	0x5476
0x4b2d	0x5476
0x4b38	0x5476
0x4b48	0x5476
0x4b58	0x5476
0x4b8d	0x5476
0x4b98	0x5476
0x4bbf	0x5476
0x4bca	0x5476
0x4c0c	0x5476
0x4c43	0x5476
0x4c4e	0x5476
0x4c5e	0x5476
0x4c9b	0x5476
0x4ca6	0x5476
0x4cc5	0x5476
0x4dd6	0x5476
0x4e48	0x5476
0x4eb7	0x5476
0x4ec9	0x5476
0x4ee8	0x5476
0x6c4d	0x6c4f
