0x0	0xd
0xd	0x1e
0x1e	0x29
0x29	0x34
0x34	0x3f
0x3f	0x4a
0x4a	0x55
0x55	0x60
0x29	0x64
0x64	0x70
0x70	0x7b
0x7b	0x86
0x86	0x91
0x1e	0x95
0x95	0xa1
0xa1	0xac
0xac	0xb7
0xb7	0xc2
0xc2	0xcd
0x95	0xd1
0xd1	0xdd
0xdd	0xe8
0xe8	0xf3
0xd	0xf7
0xf7	0x103
0x103	0x10e
0x10e	0x119
0x119	0x124
0x124	0x12f
0x12f	0x13a
0x103	0x13e
0x13e	0x14a
0x14a	0x155
0x155	0x160
0x160	0x16b
0xf7	0x16f
0x16f	0x17b
0x17b	0x186
0x186	0x191
0x191	0x19c
0x19c	0x1a7
0x16f	0x1ab
0x1ab	0x1b7
0x1b7	0x1c2
0x1c2	0x1cd
0x0	0x1d1
0x6c4f	0x1df
0x4bda	0x22e
0x233	0x23b
0x233	0x23f
0x23f	0x24e
0x253	0x25b
0x253	0x25f
0x25f	0x26e
0x273	0x27b
0x273	0x27f
0x4e60	0x28e
0x293	0x29b
0x293	0x29f
0x2b3	0x2c1
0x2c6	0x2ce
0x2c6	0x2d2
0x4f18	0x2e1
0x2fc	0x304
0x2fc	0x308
0x308	0x317
0x31c	0x324
0x31c	0x328
0x328	0x337
0x33c	0x344
0x33c	0x348
0x348	0x357
0x35c	0x364
0x35c	0x368
0x368	0x377
0x37c	0x384
0x37c	0x388
0x4b68	0x397
0x39c	0x3a4
0x39c	0x3a8
0x4950	0x3b7
0x4e81	0x3ca
0x3cf	0x3d7
0x3cf	0x3db
0x3db	0x3ea
0x3ef	0x3f7
0x3ef	0x3fb
0x6ad6	0x40a
0x40f	0x417
0x40f	0x41b
0x41b	0x42a
0x42f	0x437
0x42f	0x43b
0x43b	0x44a
0x44f	0x457
0x44f	0x45b
0x45b	0x46a
0x46f	0x477
0x46f	0x47b
0x47b	0x48a
0x48f	0x497
0x48f	0x49b
0x49b	0x4aa
0x4af	0x4b7
0x4af	0x4bb
0x6a7f	0x4ca
0x4cf	0x4d7
0x4cf	0x4db
0x4db	0x4ea
0x4ef	0x4f7
0x4ef	0x4fb
0x4fb	0x50a
0x50f	0x517
0x50f	0x51b
0x51b	0x52a
0x52f	0x537
0x52f	0x53b
0x53b	0x54a
0x54f	0x557
0x54f	0x55b
0x55b	0x56a
0x56f	0x577
0x56f	0x57b
0x4c17	0x58a
0x58f	0x59d
0x5a2	0x5aa
0x5a2	0x5ae
0x5ae	0x5bd
0x5c2	0x5e0
0x5c2	0x5e6
0x5e0	0x610
0x5b27	0x610
0x610	0x61e
0x61e	0x62b
0x61e	0x630
0x62b	0x630
0x630	0x636
0x630	0x63c
0x63c	0x694
0x694	0x72e
0x72e	0x7b7
0x72e	0x7c4
0x7c4	0x7cc
0x7c4	0x7d4
0x7d4	0x7ec
0x7f4	0x7ec
0x44ae	0x7f4
0x7f4	0x805
0x805	0x816
0x805	0x817
0x817	0x82f
0x817	0x830
0x852	0x8d1
0x8da	0x8d1
0x8d1	0x8da
0x8d1	0x8e9
0x8e9	0x90b
0x8e9	0x90f
0x90f	0x91a
0x90f	0x923
0x5be0	0xa2b
0xc9f	0xcf1
0xcf1	0xd0c
0xd0c	0xd13
0xd13	0xd2f
0xd13	0xd60
0x317	0xd9e
0xd9e	0xddf
0xe10	0xe3a
0xe3a	0xe54
0xe3a	0xe75
0xe54	0xe7a
0xe75	0xe7a
0xe7a	0xe85
0xe7a	0xef6
0xef6	0xf0c
0x113e	0x1161
0x1161	0x116b
0x1161	0x1171
0x1171	0x1175
0x121d	0x1223
0x121d	0x1254
0x511c	0x1298
0x1298	0x12ae
0x1298	0x12b2
0x12b2	0x12c0
0x12b2	0x12c3
0x12c0	0x12c3
0x12c3	0x12c8
0x12c8	0x12d0
0x12c8	0x12f1
0x12d0	0x12f6
0x12f1	0x12f6
0x12f6	0x1357
0x1357	0x1364
0x1364	0x138d
0x1393	0x13b6
0x1393	0x13bb
0x13b6	0x13bb
0x13bb	0x13c0
0x3ea	0x1458
0x1472	0x147b
0x1472	0x14ac
0x5f13	0x14ec
0x14ec	0x14f1
0x152a	0x14f1
0x14f1	0x14fb
0x14fb	0x1508
0x14fb	0x1509
0x1509	0x151c
0x62c60x1472	0x152a
0x63120x1472	0x152a
0x4511	0x156d
0x156d	0x15ae
0x156d	0x15b2
0x15b2	0x15bd
0x15b2	0x15c6
0x4f39	0x15ea
0x15ea	0x1656
0x15ea	0x165a
0x165a	0x1665
0x165a	0x166e
0x166e	0x1692
0x1692	0x169f
0x1692	0x16a0
0x16a0	0x16af
0x16a0	0x16b0
0x16b0	0x16bc
0x16b0	0x16bd
0x16bd	0x1703
0x16bd	0x1707
0x1707	0x1712
0x1707	0x171b
0x171b	0x173f
0x173f	0x178a
0x173f	0x178e
0x178e	0x1799
0x178e	0x17a2
0x17a2	0x17c6
0x17c6	0x1811
0x17c6	0x1815
0x1815	0x1820
0x1815	0x1829
0x1829	0x184d
0x184d	0x1898
0x184d	0x189c
0x189c	0x18a7
0x189c	0x18b0
0x18b0	0x18d4
0x18d4	0x18eb
0x18d4	0x18ec
0x18ec	0x18f3
0x18ec	0x1903
0x1903	0x1914
0x1903	0x1915
0x1915	0x191c
0x1915	0x1925
0x1925	0x1942
0x1942	0x1961
0x1961	0x196b
0x196b	0x1974
0x1961	0x197b
0x197b	0x198b
0x198b	0x1991
0x1991	0x1998
0x1974	0x199b
0x1998	0x199b
0x199b	0x199e
0x5f85	0x199e
0x5fab	0x199e
0x199e	0x19e7
0x199e	0x19eb
0x19eb	0x19f6
0x19eb	0x19ff
0x19ff	0x1a23
0x1a23	0x1a68
0x1a23	0x1a6c
0x1a6c	0x1a77
0x1a6c	0x1a80
0x1a80	0x1aa4
0xd980x1563	0x1ab9
0x1ac7	0x1aca
0x1aef	0x1aca
0x1aca	0x1ad4
0x1ad4	0x1ae1
0x1ad4	0x1ae2
0xc970x1ac7	0x1aef
0x5dd70x1ac7	0x1aef
0x1b21	0x1b43
0x1b43	0x1b4f
0x1b4f	0x1b75
0x1b75	0x1b7b
0x1b7b	0x1b86
0x1bc1	0x1bca
0x1bc1	0x1bfb
0x1bfb	0x1c25
0x1c25	0x1c3f
0x1c25	0x1c60
0x1c3f	0x1c65
0x1c60	0x1c65
0x1c65	0x1c70
0x1c65	0x1cae
0x1cae	0x1cc4
0x1cc4	0x1cc9
0x1cf5	0x1cc9
0x1cc9	0x1cd3
0x1cd3	0x1ce0
0x1cd3	0x1ce1
0x1ce1	0x1cf4
0x62c60x1bc1	0x1cf5
0x63120x1bc1	0x1cf5
0x1cfd	0x1d63
0x1cfd	0x1d67
0x1d67	0x1d72
0x1d67	0x1d7b
0x1d7b	0x1d8d
0x1d7b	0x1d91
0x34860x1cfd	0x1dbb
0x65a70x1cfd	0x1dbb
0x1dbb	0x1dc1
0x1dc1	0x1e2e
0x1dc1	0x1e32
0x1e32	0x1e3d
0x1e32	0x1e46
0x1e46	0x1e58
0x1e46	0x1e5c
0x1e5c	0x1eb0
0x1e5c	0x1eb4
0x1eb4	0x1ebf
0x1eb4	0x1ec8
0x1dbb	0x1ecd
0x1ec8	0x1ecd
0x6149	0x1f4f
0x1f5f	0x1f94
0x1ffa	0x2009
0x1ffa	0x200d
0x200d	0x203c
0x200d	0x205c
0x203c	0x205c
0x205c	0x2066
0x2086	0x208e
0x2086	0x2095
0x2095	0x20a1
0x2095	0x20a2
0x20a2	0x20a9
0x20f9	0x2103
0x20f9	0x2169
0x2169	0x2171
0x217a	0x2185
0x217a	0x21eb
0x21f1	0x21fb
0x21fb	0x2203
0x62540x21f1	0x222c
0x62790x21f1	0x222c
0x222c	0x223a
0x223a	0x224a
0x224a	0x2250
0x224a	0x2258
0x2250	0x2286
0x65cc0x21f1	0x2286
0x65f20x21f1	0x2286
0x2286	0x229a
0x229a	0x22d9
0x22e2	0x22d9
0x22d9	0x22e2
0x22d9	0x22f1
0x22f1	0x2304
0x230d	0x2304
0x2304	0x230d
0x2304	0x231c
0x231c	0x2359
0x231c	0x235d
0x235d	0x2368
0x235d	0x2371
0x2371	0x2393
0x2397	0x23ff
0x2397	0x2403
0x2403	0x240e
0x2403	0x2417
0x2417	0x2429
0x2417	0x242d
0x242d	0x249a
0x242d	0x249e
0x249e	0x24a9
0x249e	0x24b2
0x24b2	0x24c4
0x24b2	0x24c8
0x24c8	0x250a
0x24c8	0x250b
0x250a	0x250b
0x250b	0x2517
0x2517	0x252b
0x252b	0x2539
0x622f	0x254b
0x254b	0x2559
0x2559	0x2567
0x2559	0x25cd
0x25cd	0x2602
0x25cd	0x2605
0x2602	0x2605
0x2848	0x2854
0x2854	0x28a4
0x2854	0x28ab
0x28a4	0x28ab
0x28ab	0x28b1
0x28b1	0x28d3
0x28b1	0x2939
0x2939	0x294e
0x2957	0x294e
0x294e	0x2957
0x294e	0x298b
0x298b	0x29fb
0x2a04	0x29fb
0x29fb	0x2a04
0x29fb	0x2a38
0x28ab	0x2a9f
0x2a9f	0x2aeb
0x2a9f	0x2af1
0x2aeb	0x2af1
0x2af1	0x2af7
0x2af7	0x2b05
0x2b05	0x2b18
0x2b21	0x2b18
0x2b18	0x2b21
0x2b18	0x2b55
0x2b55	0x2bc5
0x2bce	0x2bc5
0x2bc5	0x2bce
0x2bc5	0x2c02
0x2af1	0x2c68
0x2848	0x2c6a
0x2c68	0x2c6a
0x2c6a	0x2c74
0x2c74	0x2c87
0x2c90	0x2c87
0x2c87	0x2c90
0x2c87	0x2cc4
0x2cc4	0x2d34
0x2d3d	0x2d34
0x2d34	0x2d3d
0x2d34	0x2d71
0x2dd6	0x2e24
0x2e29	0x2e62
0x2e6c	0x2e6f
0x2e98	0x2e6f
0x2e6f	0x2e78
0x2e78	0x2e85
0x2e78	0x2e86
0xc970x2e6c	0x2e98
0x5c780x2e6c	0x2e98
0x2f2d	0x2f95
0x2f2d	0x2f99
0x2f99	0x2fa4
0x2f99	0x2fad
0x2fad	0x2fbf
0x2fad	0x2fc3
0x2fc3	0x3035
0x2fc3	0x3039
0x3039	0x3044
0x3039	0x304d
0x304d	0x305f
0x304d	0x3063
0x3063	0x30aa
0x30aa	0x30c6
0x30c6	0x3110
0x3110	0x311f
0x3110	0x3185
0x3063	0x318a
0x318a	0x31ab
0x31ab	0x31f5
0x31f5	0x3200
0x3275	0x327c
0x327c	0x3284
0x3284	0x328a
0x328a	0x32c3
0x328a	0x32cc
0x3284	0x32d2
0x32f3	0x330c
0x64b4	0x3333
0x3345	0x335e
0x6507	0x3379
0x338b	0x33a5
0x33a5	0x33bf
0x37be	0x37c8
0x37be	0x37cd
0x3a36	0x3a61
0x3a36	0x3a68
0x3a68	0x3a77
0x3a68	0x3a80
0x3a77	0x3a80
0x3a80	0x3a86
0x3a80	0x3a8d
0x3a8d	0x3ae0
0x3a8d	0x3ae9
0x3ae9	0x3b30
0x3b39	0x3b9b
0x3b9b	0x3ba6
0x3ba6	0x3bb6
0x3ba6	0x3bba
0x3bba	0x3bc1
0x3c11	0x3c1b
0x3c11	0x3c81
0x3c81	0x3c8c
0x3c81	0x3c91
0x3c8c	0x3c91
0x3c91	0x3c96
0x3c91	0x3cfc
0x3cfc	0x3d17
0x6722	0x3d1e
0x3d1e	0x3d2c
0x3d2c	0x3d3a
0x3d3a	0x3d46
0x3d46	0x3d50
0x3d46	0x3db6
0x3dc3	0x3dd8
0x3dd8	0x3dde
0x6747	0x3df4
0x3df4	0x3e0d
0x3e0d	0x3e13
0x3e13	0x3e1e
0x3e1e	0x3e27
0x3e13	0x3e2e
0x3e2e	0x3e38
0x3e27	0x3e3b
0x3e38	0x3e3b
0x3e3b	0x3e43
0x3e43	0x3e4c
0x3e3b	0x3e57
0x3e57	0x3e61
0x3e4c	0x3e68
0x3e61	0x3e68
0x6791	0x3e84
0x67db	0x3e97
0x67ff	0x3eaa
0x3eaa	0x3eaf
0x6824	0x3eca
0x3eca	0x3ed5
0x3ed5	0x3ede
0x3eca	0x3ee5
0x3ee5	0x3eef
0x3ede	0x3ef2
0x3eef	0x3ef2
0x3ef2	0x3ef9
0x3ef9	0x3f02
0x3f0f	0x3f02
0x3ef2	0x3f0f
0x6871	0x3f2a
0x6895	0x3f3f
0x3f3f	0x3f45
0x3f45	0x3f53
0x68df	0x3f6f
0x3f7c	0x3fa7
0x3fb0	0x3fa7
0x3fa7	0x3fb0
0x3fa7	0x3fe4
0x3fe4	0x4025
0x3fe4	0x4046
0x4025	0x404b
0x4046	0x404b
0x404b	0x4056
0x4056	0x4094
0x404b	0x4132
0x4132	0x413a
0x413a	0x414a
0x413a	0x414e
0x414e	0x4155
0x41ca	0x41d6
0x41d6	0x41de
0x41fe	0x41de
0x41de	0x41e7
0x41e7	0x41f4
0x41e7	0x41f5
0x41f5	0x41fd
0x41f5	0x41fe
0x41de	0x4206
0x41ca	0x420e
0x420e	0x4215
0x420e	0x421c
0x4224	0x423b
0x4241	0x424c
0x4241	0x429c
0x4428	0x42a5
0x42a5	0x42aa
0x42a5	0x4310
0x4310	0x433c
0x4345	0x433c
0x433c	0x4345
0x433c	0x4379
0x4379	0x43ba
0x4379	0x43db
0x43ba	0x43e0
0x43db	0x43e0
0x43e0	0x43f0
0x43fb	0x4408
0x4408	0x4416
0x4408	0x4420
0x429c	0x4428
0x442e	0x4437
0x442e	0x443d
0x443d	0x4445
0x443d	0x444d
0x444d	0x449f
0x7ec	0x44ae
0x1563	0x44cf
0x44cf	0x4511
0x4534	0x4541
0x4534	0x4544
0x4544	0x4560
0x4544	0x4561
0x4561	0x4574
0x4561	0x4577
0x4577	0x4579
0x458d	0x4579
0x4579	0x4583
0x4583	0x458d
0x4579	0x45a2
0x45ad	0x45bb
0x45ad	0x45be
0x45be	0x45d2
0x45be	0x45d5
0x45d5	0x45eb
0x45f6	0x4603
0x45f6	0x4606
0x4606	0x461b
0x4606	0x461c
0x461c	0x4629
0x4629	0x4635
0x464c	0x4635
0x4635	0x463e
0x463e	0x464c
0x4635	0x465e
0x466b	0x4679
0x466b	0x467c
0x467c	0x4690
0x467c	0x4693
0x4693	0x46a7
0x46ab	0x46b9
0x46ab	0x46bc
0x46bc	0x46d9
0x46bc	0x46da
0x46da	0x46ff
0x46da	0x4703
0x4703	0x4710
0x4703	0x4714
0x4714	0x471f
0x4714	0x4720
0x4720	0x4750
0x4750	0x4762
0x4750	0x4766
0x4787	0x479b
0x4787	0x479e
0x479e	0x47a9
0x47a9	0x47cf
0x47a9	0x47d2
0x47ef	0x47fe
0x47ef	0x4801
0x4801	0x480c
0x481a	0x4829
0x481a	0x482c
0x482c	0x483f
0x482c	0x4842
0x4842	0x484e
0x4bb	0x485a
0x485a	0x486e
0x485a	0x4871
0x4871	0x4884
0x4871	0x4887
0x4887	0x4893
0x4893	0x48a7
0x3a8	0x48c8
0x48c8	0x48e0
0x48c8	0x48e3
0x48e3	0x48f6
0x48e3	0x48f9
0x48f9	0x4905
0x4905	0x4920
0x4920	0x4930
0x4930	0x4940
0x4940	0x4950
0x4968	0x4976
0x4968	0x4979
0x4979	0x498c
0x4979	0x498f
0x499b	0x49b0
0x499b	0x49b3
0x49b3	0x49c7
0x49b3	0x49ca
0x49ca	0x49d6
0x49d6	0x49e8
0x49d6	0x49eb
0x49eb	0x49f7
0x49f7	0x4a0c
0x4a0c	0x4a1e
0x4a0c	0x4a21
0x4a21	0x4a2e
0x3fb	0x4a40
0x4a40	0x4a54
0x4a40	0x4a57
0x4a57	0x4a6b
0x4a57	0x4a6e
0x4a6e	0x4a7a
0x4a7a	0x4a8c
0x4a7a	0x4a8f
0x4a8f	0x4a9c
0x4ab0	0x4abf
0x4ab0	0x4ac2
0x4ac2	0x4ad4
0x4adf	0x4af0
0x4adf	0x4af3
0x388	0x4b16
0x4b16	0x4b2a
0x4b16	0x4b2d
0x4b2d	0x4b38
0x4b38	0x4b48
0x4b48	0x4b58
0x4b58	0x4b68
0x4b79	0x4b8a
0x4b79	0x4b8d
0x4b8d	0x4b98
0x220	0x4ba8
0x4ba8	0x4bbc
0x4ba8	0x4bbf
0x4bbf	0x4bca
0x4bca	0x4bda
0x57b	0x4bf8
0x4bf8	0x4c09
0x4bf8	0x4c0c
0x4c0c	0x4c17
0x4c2c	0x4c40
0x4c2c	0x4c43
0x4c43	0x4c4e
0x4c4e	0x4c5e
0x4c5e	0x4c6e
0x4c86	0x4c98
0x4c86	0x4c9b
0x4c9b	0x4ca6
0x4ca6	0x4cb6
0x4cb6	0x4cc5
0x4cc5	0x4cd5
0x4ce0	0x4cf2
0x4ce0	0x4cf5
0x4cf5	0x4d16
0x4cf5	0x4d19
0x4d19	0x4d25
0x4d31	0x4d3f
0x4d31	0x4d42
0x4d42	0x4d55
0x4d42	0x4d58
0x4d58	0x4d66
0x4d69	0x4d77
0x4d69	0x4d7a
0x4d7a	0x4d8d
0x4d7a	0x4d90
0x4d9c	0x4db0
0x4d9c	0x4db3
0x4db3	0x4dc7
0x4db3	0x4dca
0x4dca	0x4dd6
0x4dd6	0x4def
0x4def	0x4e01
0x4def	0x4e04
0x27f	0x4e11
0x4e11	0x4e23
0x4e11	0x4e26
0x4e26	0x4e39
0x4e26	0x4e3c
0x4e3c	0x4e48
0x4e48	0x4e60
0x3bc	0x4e70
0x4e70	0x4e7e
0x4e70	0x4e81
0x4e88	0x4e96
0x4e88	0x4e99
0x4ea0	0x4eb4
0x4ea0	0x4eb7
0x4eb7	0x4ec9
0x4ec9	0x4ed9
0x4ed9	0x4ee8
0x4ee8	0x4ef8
0x2d2	0x4f06
0x4f06	0x4f15
0x4f06	0x4f18
0x15c6	0x4f27
0x4f27	0x4f36
0x4f27	0x4f39
0x4f4a	0x4f58
0x4f4a	0x4f5b
0x4f5b	0x4f68
0x4f6b	0x4f82
0x5040	0x4f82
0x4f82	0x4f8b
0x4f8b	0x4fbd
0x4f8b	0x4fc0
0x4fc0	0x5003
0x4fc0	0x5006
0x5006	0x501b
0x5006	0x501e
0x501e	0x5029
0x501e	0x502c
0x5064	0x5040
0x4f82	0x5057
0x502c	0x5064
0x1254	0x5108
0x5108	0x511c
0x517e	0x519d
0x1df	0x5206
0xd2f	0x523d
0x1b86	0x52ab
0x1223	0x52e2
0x5390	0x53c1
0x5390	0x53c4
0x53c4	0x53db
0x53c4	0x53de
0x53de	0x53ef
0x53f3	0x5423
0x5426	0x5441
0x5426	0x5442
0x544a	0x544d
0x5456	0x544d
0x544d	0x5456
0x544d	0x5465
0x5465	0x546e
0x5476	0x5494
0x5476	0x5498
0x60	0x5561
0x91	0x5585
0xcd	0x55a9
0xf3	0x55cd
0x13a	0x55f1
0x16b	0x5615
0x1a7	0x5639
0x1cd	0x565d
0x1d1	0x5681
0x6c4f	0x56a5
0x5206	0x56c6
0x22e	0x56ee
0x24e	0x570f
0x26e	0x5730
0x28e	0x5751
0x5793	0x5772
0x29f	0x5793
0x2c1	0x57b7
0x2e1	0x57d8
0xddf	0x5804
0x337	0x5825
0x357	0x5846
0x377	0x5867
0x397	0x5893
0x3b7	0x58b4
0x3ca	0x58d5
0x1458	0x58f6
0x40a	0x5922
0x42a	0x5943
0x44a	0x5964
0x46a	0x5985
0x48a	0x59b1
0x4aa	0x59d2
0x4ca	0x59f3
0x4ea	0x5a14
0x50a	0x5a35
0x52a	0x5a56
0x54a	0x5a77
0x56a	0x5a98
0x58a	0x5ab9
0x59d	0x5ae5
0x5bd	0x5b06
0x5e6	0x5b27
0x636	0x5b4c
0x7b7	0x5b72
0x7cc	0x5b96
0x923	0x5bba
0x5c05	0x5be0
0x9e5	0x5c05
0xa2b	0x5c2a
0x523d	0x5cc6
0xd60	0x5cee
0x5d39	0x5d14
0xd6a	0x5d39
0xf0c	0x5d86
0x116b	0x5e25
0x52e2	0x5e4c
0x12c3	0x5e74
0x138d	0x5e9d
0x147b	0x5eeb
0x5f38	0x5f13
0x14ac	0x5f38
0x14f1	0x5f5d
0x18f3	0x5f85
0x191c	0x5fab
0xd980x1563	0x5ff9
0x1aca	0x601e
0x1afb	0x6041
0x1b7b	0x6065
0x52ab	0x608d
0x1bb7	0x60b5
0x1bca	0x60d8
0x1ecd	0x6100
0x1eeb	0x6125
0x616e	0x6149
0x1f0c	0x616e
0x205c	0x6193
0x2066	0x61ba
0x208e	0x61e1
0x2371	0x6206
0x2539	0x622f
0x2a38	0x6336
0x2c02	0x635b
0x2e6f	0x6380
0x2e86	0x63a4
0x2ea0	0x63c8
0x3185	0x63ec
0x31f5	0x641a
0x3275	0x6448
0x32cc	0x646c
0x32d2	0x6490
0x330c	0x64b4
0x3333	0x64df
0x335e	0x6507
0x3379	0x6532
0x33bf	0x655a
0x3a2e0x37d4	0x6618
0x3a61	0x663d
0x3a86	0x6664
0x3ae9	0x668b
0x3b30	0x66b3
0x3b9b	0x66da
0x3bba	0x66fe
0x3d17	0x6722
0x676c	0x6747
0x3ddf	0x676c
0x3e68	0x6791
0x3e84	0x67b6
0x67b6	0x67db
0x3e97	0x67ff
0x3eaf	0x6824
0x3f02	0x6849
0x3f19	0x6871
0x3f2a	0x6895
0x3f53	0x68ba
0x68ba	0x68df
0x4132	0x6903
0x414e	0x6928
0x4206	0x694d
0x4215	0x6971
0x421c	0x6995
0x4416	0x69b9
0x4420	0x69de
0x45d5	0x6a03
0x4693	0x6a29
0x47d2	0x6a4f
0x48a7	0x6a7f
0x498f	0x6aaf
0x4a9c	0x6ad6
0x4af3	0x6b06
0x4b98	0x6b36
0x4d90	0x6b66
0x4e04	0x6b8d
0x50d8	0x6bbd
0x53de	0x6be5
0x5465	0x6c0b
0x1d1	0x6c4d
0x1ab	0x6c50
0x1b7	0x6c53
0x1c2	0x6c56
0x17b	0x6c59
0x186	0x6c5c
0x191	0x6c5f
0x19c	0x6c62
0x13e	0x6c65
0x14a	0x6c68
0x155	0x6c6b
0x160	0x6c6e
0x10e	0x6c71
0x119	0x6c74
0x124	0x6c77
0x12f	0x6c7a
0xd1	0x6c7d
0xdd	0x6c80
0xe8	0x6c83
0xa1	0x6c86
0xac	0x6c89
0xb7	0x6c8c
0xc2	0x6c8f
0x64	0x6c92
0x70	0x6c95
0x7b	0x6c98
0x86	0x6c9b
0x34	0x6c9e
0x3f	0x6ca1
0x4a	0x6ca4
0x55	0x6ca7
0x57d8	0x2f30x2c6
0x5867	0x2f30x35c
0x58f6	0x2f30x3cf
0x5985	0x2f30x44f
0x5ab9	0x2f30x56f
0x830	0x8440x5c2
0x1cc9	0x8440x1bc1
0x5b72	0x8460x5c2
0x5b96	0x8460x5c2
0x8440x5c2	0x8460x5c2
0x8440x1bc1	0x8460x1bc1
0x8460x5c2	0x84b0x5c2
0x8460x1bc1	0x84b0x1bc1
0x932	0x9470x932
0x1ed8	0x9470x1ed8
0x9470x932	0x9c00x932
0x9470x1ed8	0x9c00x1ed8
0x9470x932	0x9c40x932
0x118c0x117d	0x9c40x117d
0x118c0x153b	0x9c40x153b
0x118c0x1550	0x9c40x1550
0x9470x1ed8	0x9c40x1ed8
0x9c40x932	0x9cf0x932
0x9c40x117d	0x9cf0x117d
0x9c40x153b	0x9cf0x153b
0x9c40x1550	0x9cf0x1550
0x9c40x1ed8	0x9cf0x1ed8
0x9c40x932	0x9d80x932
0x9c40x117d	0x9d80x117d
0x9c40x153b	0x9d80x153b
0x9c40x1550	0x9d80x1550
0x9c40x1ed8	0x9d80x1ed8
0x63a4	0xa380x2e6c
0xa38	0xa450xa38
0xa380x2e6c	0xa450x2e6c
0xa38	0xa760xa38
0xa380x2e6c	0xa760x2e6c
0xa760xa38	0xa980xa38
0xa760x2e6c	0xa980x2e6c
0xa760xa38	0xa9a0xa38
0xa980xa38	0xa9a0xa38
0xa760x2e6c	0xa9a0x2e6c
0xa980x2e6c	0xa9a0x2e6c
0xa9a0xa38	0xab30xa38
0xa9a0x2e6c	0xab30x2e6c
0xab30xa38	0xadb0xa38
0xab30x2e6c	0xadb0x2e6c
0xadb0xa38	0xae90xa38
0xadb0x2e6c	0xae90x2e6c
0xae90xa38	0xb050xa38
0xae90x2e6c	0xb050x2e6c
0xae90xa38	0xb260xa38
0xae90x2e6c	0xb260x2e6c
0xb050xa38	0xb2b0xa38
0xb260xa38	0xb2b0xa38
0xb050x2e6c	0xb2b0x2e6c
0xb260x2e6c	0xb2b0x2e6c
0xa9a0xa38	0xb360xa38
0xa9a0x2e6c	0xb360x2e6c
0xb360xa38	0xb600xa38
0xb360x2e6c	0xb600x2e6c
0xb600xa38	0xb6e0xa38
0xb600x2e6c	0xb6e0x2e6c
0xb6e0xa38	0xb8b0xa38
0xb6e0x2e6c	0xb8b0x2e6c
0xb6e0xa38	0xbac0xa38
0xb6e0x2e6c	0xbac0x2e6c
0xb8b0xa38	0xbb10xa38
0xbac0xa38	0xbb10xa38
0xb8b0x2e6c	0xbb10x2e6c
0xbac0x2e6c	0xbb10x2e6c
0xb2b0xa38	0xbb80xa38
0xbb10xa38	0xbb80xa38
0xb2b0x2e6c	0xbb80x2e6c
0xbb10x2e6c	0xbb80x2e6c
0xbb80xa38	0xbbe0xa38
0xbb80x2e6c	0xbbe0x2e6c
0xbbe0xa38	0xbfe0xa38
0xbbe0x2e6c	0xbfe0x2e6c
0xbfe0xa38	0xc2c0xa38
0xbfe0x2e6c	0xc2c0x2e6c
0xbfe0xa38	0xc5f0xa38
0x10da0xf23	0xc5f0xf23
0x10da0x1ac7	0xc5f0x1ac7
0xbfe0x2e6c	0xc5f0x2e6c
0xc5f0xa38	0xc8e0xa38
0xc5f0xf23	0xc8e0xf23
0xc5f0x1ac7	0xc8e0x1ac7
0xc5f0x2e6c	0xc8e0x2e6c
0xc8e0xa38	0xc970xa38
0xc8e0xf23	0xc970xf23
0xc8e0x1ac7	0xc970x1ac7
0xc8e0x2e6c	0xc970x2e6c
0x5d14	0xd950xd6a
0x33da0x1563	0xd950x1563
0x65820x1563	0xd950x1563
0x20a2	0xd950x2086
0x33da	0xd950x33da
0x65820x344e	0xd950x344e
0x37c8	0xd950x37be
0x423b	0xd950x4224
0x4d58	0xd950x4d31
0x4f5b	0xd950x4f4a
0xd950xd6a	0xd980xd6a
0xd950x1563	0xd980x1563
0xd950x2086	0xd980x2086
0xd950x33da	0xd980x33da
0xd950x344e	0xd980x344e
0xd950x37be	0xd980x37be
0xd950x4224	0xd980x4224
0xd950x4d31	0xd980x4d31
0xd950x4f4a	0xd980x4f4a
0xe85	0xec30xe10
0x1c70	0xec30x1bc1
0x1ae2	0xf230x1ac7
0xf23	0xf300xf23
0xf230x1ac7	0xf300x1ac7
0xf23	0xf610xf23
0xf230x1ac7	0xf610x1ac7
0xf610xf23	0xf850xf23
0xf610x1ac7	0xf850x1ac7
0xf610xf23	0xf870xf23
0xf850xf23	0xf870xf23
0xf610x1ac7	0xf870x1ac7
0xf850x1ac7	0xf870x1ac7
0xf870xf23	0xfa00xf23
0xf870x1ac7	0xfa00x1ac7
0xfa00xf23	0xfcd0xf23
0xfa00x1ac7	0xfcd0x1ac7
0xfcd0xf23	0xfe90xf23
0xfcd0x1ac7	0xfe90x1ac7
0xfcd0xf23	0x100a0xf23
0xfcd0x1ac7	0x100a0x1ac7
0xfe90xf23	0x100f0xf23
0x100a0xf23	0x100f0xf23
0xfe90x1ac7	0x100f0x1ac7
0x100a0x1ac7	0x100f0x1ac7
0xf870xf23	0x101a0xf23
0xf870x1ac7	0x101a0x1ac7
0x101a0xf23	0x104a0xf23
0x101a0x1ac7	0x104a0x1ac7
0x104a0xf23	0x10670xf23
0x104a0x1ac7	0x10670x1ac7
0x104a0xf23	0x10880xf23
0x104a0x1ac7	0x10880x1ac7
0x10670xf23	0x108d0xf23
0x10880xf23	0x108d0xf23
0x10670x1ac7	0x108d0x1ac7
0x10880x1ac7	0x108d0x1ac7
0x100f0xf23	0x10940xf23
0x108d0xf23	0x10940xf23
0x100f0x1ac7	0x10940x1ac7
0x108d0x1ac7	0x10940x1ac7
0x10940xf23	0x109a0xf23
0x10940x1ac7	0x109a0x1ac7
0x109a0xf23	0x10da0xf23
0x109a0x1ac7	0x10da0x1ac7
0x10da0xf23	0x110b0xf23
0x10da0x1ac7	0x110b0x1ac7
0x117d	0x118c0x117d
0x153b	0x118c0x153b
0x1550	0x118c0x1550
0x118c0x117d	0x12190x117d
0x118c0x153b	0x12190x153b
0x118c0x1550	0x12190x1550
0x13bb	0x14260x1393
0x1f5f	0x14260x1f5f
0x14260x1393	0x14490x1393
0x14260x1f5f	0x14490x1f5f
0x1509	0x151d0x1472
0x1ce1	0x151d0x1bc1
0x1d91	0x1d9b0x1cfd
0x1f4f	0x1f550x1f0c
0x41bb	0x1f550x41bb
0x1f550x1f0c	0x1f580x1f0c
0x1f550x41bb	0x1f580x41bb
0x4437	0x1f580x442e
0x2169	0x21720x20f9
0x3dd8	0x21720x3dc3
0x2203	0x220b0x21f1
0x2258	0x22640x21f1
0x220b0x21f1	0x26170x21f1
0x220b	0x26170x220b
0x26170x21f1	0x26220x21f1
0x26170x220b	0x26220x220b
0x2617	0x26220x2617
0x26220x21f1	0x26280x21f1
0x26220x220b	0x26280x220b
0x26220x2617	0x26280x2617
0x26220x21f1	0x26450x21f1
0x26220x220b	0x26450x220b
0x26220x2617	0x26450x2617
0x26450x21f1	0x26a80x21f1
0x26450x220b	0x26a80x220b
0x26450x2617	0x26a80x2617
0x26450x21f1	0x26ac0x21f1
0x26450x220b	0x26ac0x220b
0x26450x2617	0x26ac0x2617
0x26ac0x21f1	0x26b70x21f1
0x26ac0x220b	0x26b70x220b
0x26ac0x2617	0x26b70x2617
0x26ac0x21f1	0x26c00x21f1
0x26ac0x220b	0x26c00x220b
0x26ac0x2617	0x26c00x2617
0x26c00x21f1	0x26d20x21f1
0x26c00x220b	0x26d20x220b
0x26c00x2617	0x26d20x2617
0x26c00x21f1	0x26d60x21f1
0x26c00x220b	0x26d60x220b
0x26c00x2617	0x26d60x2617
0x151d0x1472	0x26df0x1472
0x151d0x1bc1	0x26df0x1bc1
0x26df0x1472	0x270a0x1472
0x26df0x1bc1	0x270a0x1bc1
0x26df	0x270a0x26df
0x26df0x1472	0x273b0x1472
0x26df0x1bc1	0x273b0x1bc1
0x26df	0x273b0x26df
0x273b0x1472	0x27640x1472
0x273b0x1bc1	0x27640x1bc1
0x273b0x26df	0x27640x26df
0x27640x1472	0x27690x1472
0x27640x1bc1	0x27690x1bc1
0x27640x26df	0x27690x26df
0x273b0x1472	0x276d0x1472
0x27640x1472	0x276d0x1472
0x273b0x1bc1	0x276d0x1bc1
0x27640x1bc1	0x276d0x1bc1
0x273b0x26df	0x276d0x26df
0x27640x26df	0x276d0x26df
0x276d0x1472	0x27950x1472
0x276d0x1bc1	0x27950x1bc1
0x276d0x26df	0x27950x26df
0x27950x1472	0x27a30x1472
0x27950x1bc1	0x27a30x1bc1
0x27950x26df	0x27a30x26df
0x276d0x1472	0x27a90x1472
0x27a30x1472	0x27a90x1472
0x276d0x1bc1	0x27a90x1bc1
0x27a30x1bc1	0x27a90x1bc1
0x276d0x26df	0x27a90x26df
0x27a30x26df	0x27a90x26df
0x27a90x1472	0x27d10x1472
0x27a90x1bc1	0x27d10x1bc1
0x27a90x26df	0x27d10x26df
0x27d10x1472	0x28050x1472
0x27d10x1bc1	0x28050x1bc1
0x27d10x26df	0x28050x26df
0x27d10x1472	0x28360x1472
0x27d10x1bc1	0x28360x1bc1
0x27d10x26df	0x28360x26df
0x27a90x1472	0x283f0x1472
0x28360x1472	0x283f0x1472
0x27a90x1bc1	0x283f0x1bc1
0x28360x1bc1	0x283f0x1bc1
0x27a90x26df	0x283f0x26df
0x28360x26df	0x283f0x26df
0x1aa4	0x33da0x1563
0x5ff9	0x33da0x1563
0x33da0x1563	0x33e80x1563
0x33da	0x33e80x33da
0x1ab9	0x344e0x1563
0x1d9b0x1cfd	0x34660x1cfd
0x1d9b	0x34660x1d9b
0x34660x1cfd	0x34860x1cfd
0x34660x1d9b	0x34860x1d9b
0x3466	0x34860x3466
0x22640x21f1	0x34b90x21f1
0x2264	0x34b90x2264
0x34b90x21f1	0x34c20x21f1
0x34b90x2264	0x34c20x2264
0x34b9	0x34c20x34b9
0x34c20x21f1	0x34c80x21f1
0x34c20x2264	0x34c80x2264
0x34c20x34b9	0x34c80x34b9
0x34c20x21f1	0x352e0x21f1
0x34c20x2264	0x352e0x2264
0x34c20x34b9	0x352e0x34b9
0x352e0x21f1	0x35c60x21f1
0x35cf0x21f1	0x35c60x21f1
0x352e0x2264	0x35c60x2264
0x35cf0x2264	0x35c60x2264
0x352e0x34b9	0x35c60x34b9
0x35cf0x34b9	0x35c60x34b9
0x35c60x21f1	0x35cf0x21f1
0x35c60x2264	0x35cf0x2264
0x35c60x34b9	0x35cf0x34b9
0x35c60x21f1	0x36030x21f1
0x35c60x2264	0x36030x2264
0x35c60x34b9	0x36030x34b9
0x36030x21f1	0x36440x21f1
0x36030x2264	0x36440x2264
0x36030x34b9	0x36440x34b9
0x36030x21f1	0x36650x21f1
0x36030x2264	0x36650x2264
0x36030x34b9	0x36650x34b9
0x36440x21f1	0x366a0x21f1
0x36650x21f1	0x366a0x21f1
0x36440x2264	0x366a0x2264
0x36650x2264	0x366a0x2264
0x36440x34b9	0x366a0x34b9
0x36650x34b9	0x366a0x34b9
0x366a0x21f1	0x36770x21f1
0x366a0x2264	0x36770x2264
0x366a0x34b9	0x36770x34b9
0x36770x21f1	0x36830x21f1
0x36770x2264	0x36830x2264
0x36770x34b9	0x36830x34b9
0x36830x21f1	0x36940x21f1
0x36830x2264	0x36940x2264
0x36830x34b9	0x36940x34b9
0x36830x21f1	0x36980x21f1
0x36830x2264	0x36980x2264
0x36830x34b9	0x36980x34b9
0x366a0x21f1	0x369c0x21f1
0x36770x21f1	0x369c0x21f1
0x36980x21f1	0x369c0x21f1
0x366a0x2264	0x369c0x2264
0x36770x2264	0x369c0x2264
0x36980x2264	0x369c0x2264
0x366a0x34b9	0x369c0x34b9
0x36770x34b9	0x369c0x34b9
0x36980x34b9	0x369c0x34b9
0x369c0x21f1	0x36a20x21f1
0x369c0x2264	0x36a20x2264
0x369c0x34b9	0x36a20x34b9
0x36a20x21f1	0x37310x21f1
0x36a20x2264	0x37310x2264
0x36a20x34b9	0x37310x34b9
0x37d4	0x37fa0x37d4
0x37fa0x37d4	0x383c0x37d4
0x37fa	0x383c0x37fa
0x37fa0x37d4	0x38400x37d4
0x37fa	0x38400x37fa
0x38400x37d4	0x385f0x37d4
0x38400x37fa	0x385f0x37fa
0x38400x37d4	0x386b0x37d4
0x385f0x37d4	0x386b0x37d4
0x38400x37fa	0x386b0x37fa
0x385f0x37fa	0x386b0x37fa
0x386b0x37d4	0x389b0x37d4
0x386b0x37fa	0x389b0x37fa
0x386b0x37d4	0x389c0x37d4
0x386b0x37fa	0x389c0x37fa
0x389c0x37d4	0x38f80x37d4
0x389c0x37fa	0x38f80x37fa
0x389c0x37d4	0x38f90x37d4
0x389c0x37fa	0x38f90x37fa
0x38f90x37d4	0x392b0x37d4
0x39f70x37d4	0x392b0x37d4
0x38f90x37fa	0x392b0x37fa
0x39f70x37fa	0x392b0x37fa
0x392b0x37d4	0x39350x37d4
0x392b0x37fa	0x39350x37fa
0x39350x37d4	0x39420x37d4
0x39350x37fa	0x39420x37fa
0x39350x37d4	0x39430x37d4
0x39350x37fa	0x39430x37fa
0x39430x37d4	0x39780x37d4
0x39430x37fa	0x39780x37fa
0x39430x37d4	0x39790x37d4
0x39430x37fa	0x39790x37fa
0x39790x37d4	0x398e0x37d4
0x39790x37fa	0x398e0x37fa
0x39790x37d4	0x398f0x37d4
0x39790x37fa	0x398f0x37fa
0x398f0x37d4	0x39ca0x37d4
0x398f0x37fa	0x39ca0x37fa
0x398f0x37d4	0x39cb0x37d4
0x398f0x37fa	0x39cb0x37fa
0x39cb0x37d4	0x39e00x37d4
0x39cb0x37fa	0x39e00x37fa
0x39cb0x37d4	0x39e10x37d4
0x39cb0x37fa	0x39e10x37fa
0x39e10x37d4	0x39f60x37d4
0x39e10x37fa	0x39f60x37fa
0x39e10x37d4	0x39f70x37d4
0x39e10x37fa	0x39f70x37fa
0x392b0x37d4	0x3a2e0x37d4
0x392b0x37fa	0x3a2e0x37fa
0x4094	0x40df0x3f7c
0x40e80x3f7c	0x40df0x3f7c
0x449f	0x40df0x442e
0x40e80x442e	0x40df0x442e
0x40df0x3f7c	0x40e80x3f7c
0x40df0x442e	0x40e80x442e
0x40df0x3f7c	0x40f70x3f7c
0x444d	0x40f70x442e
0x40df0x442e	0x40f70x442e
0x40f70x3f7c	0x410b0x3f7c
0x40f70x442e	0x410b0x442e
0x40f70x3f7c	0x41240x3f7c
0x410b0x3f7c	0x41240x3f7c
0x40f70x442e	0x41240x442e
0x410b0x442e	0x41240x442e
0x50bc	0x50ce0x50bc
0x53f3	0x50ce0x53f3
0x270a0x1472	0x52740x1472
0x270a0x1bc1	0x52740x1bc1
0x270a0x26df	0x52740x26df
0x28050x1472	0x53500x1472
0x28050x1bc1	0x53500x1bc1
0x28050x26df	0x53500x26df
0xa450xa38	0x5c500xa38
0xa450x2e6c	0x5c500x2e6c
0xbb80xa38	0x5c780xa38
0xbb80x2e6c	0x5c780x2e6c
0xc2c0xa38	0x5c9e0xa38
0xc2c0x2e6c	0x5c9e0x2e6c
0xec30xe10	0x5d5e0xe10
0xec30x1bc1	0x5d5e0x1bc1
0xf300xf23	0x5daf0xf23
0xf300x1ac7	0x5daf0x1ac7
0x10940xf23	0x5dd70xf23
0x10940x1ac7	0x5dd70x1ac7
0x110b0xf23	0x5dfd0xf23
0x110b0x1ac7	0x5dfd0x1ac7
0x14260x1393	0x5ec60x1393
0x14260x1f5f	0x5ec60x1f5f
0xd980x1563	0x5fd10x1563
0x26280x21f1	0x62540x21f1
0x26280x220b	0x62540x220b
0x26280x2617	0x62540x2617
0x26d60x21f1	0x62790x21f1
0x26d60x220b	0x62790x220b
0x26d60x2617	0x62790x2617
0x52740x1472	0x629e0x1472
0x52740x1bc1	0x629e0x1bc1
0x52740x26df	0x629e0x26df
0x27690x1472	0x62c60x1472
0x27690x1bc1	0x62c60x1bc1
0x27690x26df	0x62c60x26df
0x53500x1472	0x62ea0x1472
0x53500x1bc1	0x62ea0x1bc1
0x53500x26df	0x62ea0x26df
0x283f0x1472	0x63120x1472
0x283f0x1bc1	0x63120x1bc1
0x283f0x26df	0x63120x26df
0x344e0x1563	0x65820x1563
0x344e	0x65820x344e
0x34660x1cfd	0x65a70x1cfd
0x34660x1d9b	0x65a70x1d9b
0x3466	0x65a70x3466
0x369c0x21f1	0x65cc0x21f1
0x369c0x2264	0x65cc0x2264
0x369c0x34b9	0x65cc0x34b9
0x37310x21f1	0x65f20x21f1
0x37310x2264	0x65f20x2264
0x37310x34b9	0x65f20x34b9
