0x9	0x1d1
0xd	0x0
0x1a	0xf7
0x25	0x95
0x30	0x64
0x60	0x5561
0x91	0x5585
0x9d	0xd1
0xcd	0x55a9
0xf3	0x55cd
0xff	0x16f
0x10a	0x13e
0x13a	0x55f1
0x16b	0x5615
0x177	0x1ab
0x1a7	0x5639
0x1cd	0x565d
0x1d3	0x5681
0x1db	0x56a5
0x208	0x56c6
0x20c	0x5206
0x221	0x56ee
0x224	0x22e
0x22a	0x4ba8
0x237	0x23f
0x241	0x570f
0x244	0x24e
0x257	0x25f
0x261	0x5730
0x264	0x26e
0x277	0x27f
0x281	0x5751
0x284	0x28e
0x28a	0x4e11
0x297	0x29f
0x2a1	0x5772
0x2a4	0x5793
0x2b4	0x57b7
0x2b7	0x2c1
0x2ca	0x2d2
0x2d4	0x57d8
0x2d7	0x2e1
0x2dd	0x4f06
0x300	0x308
0x30a	0x5804
0x30d	0x317
0x318	0xd9e
0x320	0x328
0x32a	0x5825
0x32d	0x337
0x340	0x348
0x34a	0x5846
0x34d	0x357
0x360	0x368
0x36a	0x5867
0x36d	0x377
0x380	0x388
0x38a	0x5893
0x38d	0x397
0x393	0x4b16
0x3a0	0x3a8
0x3aa	0x58b4
0x3ad	0x3b7
0x3b3	0x48c8
0x3bd	0x58d5
0x3c0	0x3ca
0x3c6	0x4e70
0x3d3	0x3db
0x3dd	0x58f6
0x3e0	0x3ea
0x3eb	0x1458
0x3f3	0x3fb
0x3fd	0x5922
0x400	0x40a
0x406	0x4a40
0x413	0x41b
0x41d	0x5943
0x420	0x42a
0x433	0x43b
0x43d	0x5964
0x440	0x44a
0x453	0x45b
0x45d	0x5985
0x460	0x46a
0x473	0x47b
0x47d	0x59b1
0x480	0x48a
0x493	0x49b
0x49d	0x59d2
0x4a0	0x4aa
0x4b3	0x4bb
0x4bd	0x59f3
0x4c0	0x4ca
0x4c6	0x485a
0x4d3	0x4db
0x4dd	0x5a14
0x4e0	0x4ea
0x4f3	0x4fb
0x4fd	0x5a35
0x500	0x50a
0x513	0x51b
0x51d	0x5a56
0x520	0x52a
0x533	0x53b
0x53d	0x5a77
0x540	0x54a
0x553	0x55b
0x55d	0x5a98
0x560	0x56a
0x573	0x57b
0x57d	0x5ab9
0x580	0x58a
0x586	0x4bf8
0x590	0x5ae5
0x593	0x59d
0x5a6	0x5ae
0x5b0	0x5b06
0x5b3	0x5bd
0x5dc	0x5e6
0x5e2	0x610
0x5e7	0x610
0x5fd	0x5b27
0x615	0x61e
0x627	0x630
0x632	0x63c
0x638	0x5b4c
0x689	0x694
0x723	0x72e
0x7b3	0x7c4
0x7b7	0x5b72
0x7c8	0x7d4
0x7cc	0x5b96
0x7ed	0x7f4
0x7f0	0x44ae
0x801	0x7ec
0x812	0x817
0x82b	0x830
0x83c	0x8440x5c2
0x8d6	0x8e9
0x8e5	0x8d1
0x907	0x90f
0x916	0x923
0x928	0x5bba
0x936	0x9470x932
0x9e8	0xa2b
0x9fe	0x5be0
0xa06	0x5c05
0xa2e	0x5c2a
0xa41	0xa760xa38
0xcd7	0xd13
0xcda	0xd0c
0xce6	0xcf1
0xd2b	0xd60
0xd58	0x5cc6
0xd5c	0x523d
0xd61	0x5cee
0xd6d	0xd950xd6a
0xd83	0x5d14
0xd8b	0x5d39
0xd9f	0xddf
0xe30	0xe3a
0xe50	0xe75
0xe71	0xe7a
0xe81	0xef6
0xe85	0xec30xe10
0xf03	0xf0c
0xf0f	0x5d86
0xf2c	0xf610xf23
0x1142	0x1161
0x1167	0x1171
0x116d	0x5e25
0x1181	0x118c0x117d
0x121f	0x1254
0x124c	0x5e4c
0x1250	0x52e2
0x1283	0x1298
0x1294	0x5108
0x12aa	0x12b2
0x12bc	0x12c3
0x12c4	0x5e74
0x12cc	0x12f1
0x12ed	0x12f6
0x1319	0x1357
0x135b	0x1364
0x136d	0x138d
0x138f	0x5e9d
0x13b2	0x13bb
0x13bc	0x14260x1393
0x1477	0x14ac
0x14a4	0x5eeb
0x14af	0x14ec
0x14c5	0x5f13
0x14cd	0x5f38
0x14f7	0x5f5d
0x14fb	0x152a
0x1504	0x1509
0x1518	0x151d0x1472
0x152e	0x14f1
0x153f	0x118c0x153b
0x1554	0x118c0x1550
0x1566	0x156d
0x1569	0x44cf
0x15aa	0x15b2
0x15b9	0x15c6
0x15e1	0x15ea
0x15e6	0x4f27
0x1652	0x165a
0x1661	0x166e
0x1689	0x1692
0x169b	0x16a0
0x16ab	0x16b0
0x16b8	0x16bd
0x16ff	0x1707
0x170e	0x171b
0x1736	0x173f
0x1786	0x178e
0x1795	0x17a2
0x17bd	0x17c6
0x180d	0x1815
0x181c	0x1829
0x1844	0x184d
0x1894	0x189c
0x18a3	0x18b0
0x18cb	0x18d4
0x18e7	0x18ec
0x18ef	0x1903
0x18f3	0x5f85
0x1910	0x1915
0x1918	0x1925
0x191c	0x5fab
0x1928	0x1942
0x1947	0x1961
0x1967	0x197b
0x196b	0x1974
0x1977	0x199b
0x197c	0x1998
0x197f	0x1991
0x1982	0x198b
0x1994	0x33da0x1563
0x199f	0x5fd10x1563
0x19a3	0x1ab9
0x19e3	0x19eb
0x19f2	0x19ff
0x1a1a	0x1a23
0x1a24	0x5ff9
0x1a64	0x1a6c
0x1a73	0x1a80
0x1a9b	0x1aa4
0x1aaf	0x33da0x1563
0x1aba	0x344e0x1563
0x1ad0	0x601e
0x1ad4	0x1aef
0x1add	0x1ae2
0x1aeb	0xf230x1ac7
0x1af3	0x1aca
0x1afc	0x6041
0x1b24	0x1b43
0x1b46	0x1b4f
0x1b52	0x1b7b
0x1b56	0x1b75
0x1b82	0x6065
0x1baf	0x608d
0x1bb3	0x52ab
0x1bb8	0x60b5
0x1bc6	0x1bfb
0x1bf3	0x60d8
0x1c1b	0x1c25
0x1c3b	0x1c60
0x1c5c	0x1c65
0x1c6c	0x1cae
0x1c70	0xec30x1bc1
0x1cbb	0x1cc4
0x1ccf	0x8440x1bc1
0x1cd3	0x1cf5
0x1cdc	0x1ce1
0x1cf0	0x151d0x1bc1
0x1cf9	0x1cc9
0x1d5f	0x1d67
0x1d6e	0x1d7b
0x1d89	0x1d91
0x1d93	0x1dbb
0x1db7	0x34660x1d9b
0x1dbd	0x1ecd
0x1e2a	0x1e32
0x1e39	0x1e46
0x1e54	0x1e5c
0x1eac	0x1eb4
0x1ebb	0x1ec8
0x1ece	0x6100
0x1edc	0x9470x1ed8
0x1eec	0x6125
0x1f0f	0x1f550x1f0c
0x1f12	0x1f4f
0x1f28	0x6149
0x1f30	0x616e
0x1f90	0x14260x1f5f
0x2005	0x200d
0x2038	0x205c
0x203c	0x205c
0x2062	0x6193
0x2066	0x61ba
0x208a	0x2095
0x2091	0x61e1
0x209d	0x20a2
0x20a5	0xd950x2086
0x20ff	0x2169
0x216d	0x21720x20f9
0x2181	0x21eb
0x21f4	0x21fb
0x21fc	0x2203
0x2204	0x222c
0x2228	0x26170x220b
0x222f	0x223a
0x2236	0x220b0x21f1
0x2240	0x224a
0x224c	0x2258
0x2254	0x2286
0x225b	0x2286
0x2282	0x34b90x2264
0x2287	0x229a
0x2296	0x22640x21f1
0x22de	0x22f1
0x22ed	0x22d9
0x2309	0x231c
0x2318	0x2304
0x2355	0x235d
0x2364	0x2371
0x238f	0x6206
0x23fb	0x2403
0x240a	0x2417
0x2425	0x242d
0x2496	0x249e
0x24a5	0x24b2
0x24c0	0x24c8
0x2506	0x250b
0x250e	0x2517
0x251c	0x252b
0x2530	0x2539
0x253e	0x254b
0x2542	0x622f
0x2550	0x2559
0x2563	0x25cd
0x25fe	0x2605
0x261a	0x26220x2617
0x2706	0x273b0x26df
0x2850	0x2c6a
0x28a0	0x28ab
0x28ad	0x2a9f
0x28cf	0x2939
0x2953	0x298b
0x2987	0x294e
0x2a00	0x2a38
0x2a34	0x29fb
0x2a9b	0x6336
0x2ae7	0x2af1
0x2af3	0x2c68
0x2afd	0x2b05
0x2b1d	0x2b55
0x2b51	0x2b18
0x2bca	0x2c02
0x2bfe	0x2bc5
0x2c64	0x635b
0x2c6c	0x2c74
0x2c8c	0x2cc4
0x2cc0	0x2c87
0x2d39	0x2d71
0x2d6d	0x2d34
0x2e57	0x2e62
0x2e74	0x6380
0x2e78	0x2e98
0x2e81	0x2e86
0x2e8f	0x63a4
0x2e9c	0x2e6f
0x2f23	0x63c8
0x2f91	0x2f99
0x2fa0	0x2fad
0x2fbb	0x2fc3
0x3031	0x3039
0x3040	0x304d
0x305b	0x3063
0x30a6	0x318a
0x30aa	0x3110
0x30ad	0x30c6
0x311b	0x3185
0x3186	0x63ec
0x318f	0x31f5
0x3192	0x31ab
0x31fc	0x641a
0x3278	0x6448
0x327c	0x3284
0x3286	0x32d2
0x32bf	0x32cc
0x32ce	0x646c
0x32d3	0x6490
0x32f7	0x330c
0x3311	0x3333
0x331e	0x64b4
0x333c	0x64df
0x3349	0x335e
0x3363	0x3379
0x3370	0x6507
0x3382	0x6532
0x338f	0x33a5
0x33aa	0x33bf
0x33c2	0x655a
0x33e4	0xd950x33da
0x3451	0xd950x344e
0x3455	0x65820x344e
0x3482	0x65a70x3466
0x34ba	0x34c20x34b9
0x37c4	0x37cd
0x37c9	0xd950x37be
0x37d7	0x6618
0x3838	0x38400x37fa
0x3a5d	0x3a68
0x3a64	0x663d
0x3a73	0x3a80
0x3a82	0x3a8d
0x3a89	0x6664
0x3adc	0x3ae9
0x3b2c	0x668b
0x3b35	0x66b3
0x3b3c	0x3b9b
0x3ba2	0x66da
0x3bb2	0x3bba
0x3bbd	0x66fe
0x3c17	0x3c81
0x3c88	0x3c91
0x3c92	0x3cfc
0x3cff	0x3d1e
0x3d0b	0x6722
0x3d0e	0x3d17
0x3d23	0x3d2c
0x3d31	0x3d3a
0x3d3d	0x3d46
0x3d4c	0x3db6
0x3dcf	0x3dd8
0x3dda	0x21720x3dc3
0x3de3	0x3df4
0x3de7	0x6747
0x3deb	0x676c
0x3df9	0x3e13
0x3dfc	0x3e0d
0x3e1a	0x3e2e
0x3e1e	0x3e27
0x3e2a	0x3e3b
0x3e2f	0x3e38
0x3e3f	0x3e57
0x3e43	0x3e4c
0x3e53	0x3e68
0x3e58	0x3e61
0x3e6b	0x3e97
0x3e6e	0x3e84
0x3e73	0x6791
0x3e85	0x67db
0x3e89	0x67b6
0x3e9a	0x3eaf
0x3e9d	0x3eaa
0x3ea1	0x67ff
0x3eb4	0x3eca
0x3eb9	0x6824
0x3ed1	0x3ee5
0x3ed5	0x3ede
0x3ee1	0x3ef2
0x3ee6	0x3eef
0x3ef5	0x3f0f
0x3ef9	0x3f02
0x3f0b	0x6849
0x3f10	0x3f02
0x3f1d	0x3f2a
0x3f21	0x6871
0x3f2f	0x3f45
0x3f32	0x3f3f
0x3f36	0x6895
0x3f4a	0x3f53
0x3f56	0x3f6f
0x3f5a	0x68df
0x3f5e	0x68ba
0x3fac	0x3fe4
0x3fe0	0x3fa7
0x4021	0x4046
0x4042	0x404b
0x4052	0x4132
0x4056	0x4094
0x4136	0x6903
0x4146	0x414e
0x4151	0x6928
0x41be	0x1f550x41bb
0x41d2	0x420e
0x41e3	0x4206
0x41f0	0x41f5
0x41f9	0x41fe
0x4202	0x41de
0x420a	0x694d
0x4211	0x421c
0x4218	0x6971
0x4220	0x6995
0x4227	0xd950x4224
0x422a	0x423b
0x4248	0x429c
0x429d	0x42a5
0x42a1	0x4428
0x42a6	0x4310
0x4341	0x4379
0x4375	0x433c
0x43b6	0x43db
0x43d7	0x43e0
0x43e6	0x43f0
0x43ff	0x4408
0x4412	0x4420
0x441c	0x69b9
0x4424	0x69de
0x4433	0x443d
0x4439	0x1f580x442e
0x4441	0x444d
0x449b	0x40f70x442e
0x44aa	0x40df0x442e
0x450c	0x4511
0x453d	0x4544
0x455c	0x4561
0x4570	0x4577
0x457f	0x45a2
0x4585	0x458d
0x459e	0x4579
0x45b7	0x45be
0x45ce	0x45d5
0x45e7	0x6a03
0x45ff	0x4606
0x4617	0x461c
0x461d	0x4629
0x463a	0x465e
0x463e	0x464c
0x465a	0x4635
0x4675	0x467c
0x468c	0x4693
0x46a3	0x6a29
0x46b5	0x46bc
0x46d5	0x46da
0x46fb	0x4703
0x470c	0x4714
0x471b	0x4720
0x4721	0x4750
0x475e	0x4766
0x4797	0x479e
0x47a1	0x47a9
0x47cb	0x47d2
0x47d3	0x6a4f
0x47fa	0x4801
0x4804	0x480c
0x4825	0x482c
0x483b	0x4842
0x4843	0x484e
0x486a	0x4871
0x4880	0x4887
0x4888	0x4893
0x489f	0x48a7
0x48af	0x6a7f
0x48dc	0x48e3
0x48f2	0x48f9
0x48fa	0x4905
0x4918	0x4920
0x4928	0x4930
0x4938	0x4940
0x4948	0x4950
0x4972	0x4979
0x4988	0x498f
0x4990	0x6aaf
0x49ac	0x49b3
0x49c3	0x49ca
0x49cb	0x49d6
0x49e4	0x49eb
0x49ec	0x49f7
0x4a04	0x4a0c
0x4a1a	0x4a21
0x4a23	0x4a2e
0x4a50	0x4a57
0x4a67	0x4a6e
0x4a6f	0x4a7a
0x4a88	0x4a8f
0x4a91	0x4a9c
0x4aa8	0x6ad6
0x4abb	0x4ac2
0x4acc	0x4ad4
0x4aec	0x4af3
0x4afd	0x6b06
0x4b26	0x4b2d
0x4b30	0x4b38
0x4b40	0x4b48
0x4b50	0x4b58
0x4b60	0x4b68
0x4b86	0x4b8d
0x4b90	0x4b98
0x4ba0	0x6b36
0x4bb8	0x4bbf
0x4bc2	0x4bca
0x4bd2	0x4bda
0x4c05	0x4c0c
0x4c0f	0x4c17
0x4c3c	0x4c43
0x4c46	0x4c4e
0x4c56	0x4c5e
0x4c66	0x4c6e
0x4c94	0x4c9b
0x4c9e	0x4ca6
0x4cae	0x4cb6
0x4cb9	0x4cc5
0x4ccd	0x4cd5
0x4cee	0x4cf5
0x4d12	0x4d19
0x4d1a	0x4d25
0x4d3b	0x4d42
0x4d51	0x4d58
0x4d62	0xd950x4d31
0x4d73	0x4d7a
0x4d89	0x4d90
0x4d91	0x6b66
0x4dac	0x4db3
0x4dc3	0x4dca
0x4dcb	0x4dd6
0x4de7	0x4def
0x4dfd	0x4e04
0x4e06	0x6b8d
0x4e1f	0x4e26
0x4e35	0x4e3c
0x4e3d	0x4e48
0x4e58	0x4e60
0x4e7a	0x4e81
0x4e92	0x4e99
0x4eb0	0x4eb7
0x4ec1	0x4ec9
0x4ed1	0x4ed9
0x4edc	0x4ee8
0x4ef0	0x4ef8
0x4f11	0x4f18
0x4f32	0x4f39
0x4f54	0x4f5b
0x4f64	0xd950x4f4a
0x4f87	0x5057
0x4fb9	0x4fc0
0x4fff	0x5006
0x5017	0x501e
0x5025	0x502c
0x5032	0x5040
0x503c	0x5064
0x5053	0x4f82
0x50c1	0x50ce0x50bc
0x50fb	0x6bbd
0x510f	0x511c
0x518d	0x519d
0x53bd	0x53c4
0x53d7	0x53de
0x53eb	0x6be5
0x541f	0x50ce0x53f3
0x543d	0x5442
0x5452	0x5465
0x5461	0x544d
0x546a	0x6c0b
0x5490	0x5498
0x5562	0x0
0x5586	0x0
0x55aa	0x0
0x55ce	0x0
0x55f2	0x0
0x5616	0x0
0x563a	0x0
0x565e	0x0
0x5682	0x0
0x57dc	0x2f30x2c6
0x586b	0x2f30x35c
0x58fa	0x2f30x3cf
0x5989	0x2f30x44f
0x5abd	0x2f30x56f
0x5b73	0x8460x5c2
0x5b97	0x8460x5c2
0x5f88	0x199e
0x5fae	0x199e
0x5ffb	0x33da0x1563
0x63a5	0xa380x2e6c
0x6c11	0x6c9e
0x6c13	0x6ca1
0x6c15	0x6ca4
0x6c17	0x6ca7
0x6c19	0x6c92
0x6c1b	0x6c95
0x6c1d	0x6c98
0x6c1f	0x6c9b
0x6c21	0x6c86
0x6c23	0x6c89
0x6c25	0x6c8c
0x6c27	0x6c8f
0x6c29	0x6c7d
0x6c2b	0x6c80
0x6c2d	0x6c83
0x6c2f	0x6c71
0x6c31	0x6c74
0x6c33	0x6c77
0x6c35	0x6c7a
0x6c37	0x6c65
0x6c39	0x6c68
0x6c3b	0x6c6b
0x6c3d	0x6c6e
0x6c3f	0x6c59
0x6c41	0x6c5c
0x6c43	0x6c5f
0x6c45	0x6c62
0x6c47	0x6c50
0x6c49	0x6c53
0x6c4b	0x6c56
0x3f7c0x4107	0x41240x3f7c
0x442e0x4107	0x41240x442e
0x3f7c0x40f3	0x40df0x3f7c
0x442e0x40f3	0x40df0x442e
0x3f7c0x40e4	0x40f70x3f7c
0x442e0x40e4	0x40f70x442e
0x37d40x3a2a	0x392b0x37d4
0x37fa0x3a2a	0x392b0x37fa
0x37d40x39f2	0x39f70x37d4
0x37fa0x39f2	0x39f70x37fa
0x37d40x39dc	0x39e10x37d4
0x37fa0x39dc	0x39e10x37fa
0x37d40x39c6	0x39cb0x37d4
0x37fa0x39c6	0x39cb0x37fa
0x37d40x398a	0x398f0x37d4
0x37fa0x398a	0x398f0x37fa
0x37d40x3974	0x39790x37d4
0x37fa0x3974	0x39790x37fa
0x37d40x393e	0x39430x37d4
0x37fa0x393e	0x39430x37fa
0x37d40x3931	0x3a2e0x37d4
0x37fa0x3931	0x3a2e0x37fa
0x37d40x38f4	0x38f90x37d4
0x37fa0x38f4	0x38f90x37fa
0x37d40x3897	0x389c0x37d4
0x37fa0x3897	0x389c0x37fa
0x37d40x385b	0x386b0x37d4
0x37fa0x385b	0x386b0x37fa
0x37d40x3838	0x38400x37d4
0x21f10x37b4	0x65f20x21f1
0x22640x37b4	0x65f20x2264
0x34b90x37b4	0x65f20x34b9
0x21f10x3727	0x37310x21f1
0x22640x3727	0x37310x2264
0x34b90x3727	0x37310x34b9
0x21f10x369e	0x65cc0x21f1
0x22640x369e	0x65cc0x2264
0x34b90x369e	0x65cc0x34b9
0x21f10x3690	0x36980x21f1
0x22640x3690	0x36980x2264
0x34b90x3690	0x36980x34b9
0x21f10x367f	0x369c0x21f1
0x22640x367f	0x369c0x2264
0x34b90x367f	0x369c0x34b9
0x21f10x3673	0x369c0x21f1
0x22640x3673	0x369c0x2264
0x34b90x3673	0x369c0x34b9
0x21f10x3661	0x366a0x21f1
0x22640x3661	0x366a0x2264
0x34b90x3661	0x366a0x34b9
0x21f10x3640	0x36650x21f1
0x22640x3640	0x36650x2264
0x34b90x3640	0x36650x34b9
0x21f10x35ff	0x35c60x21f1
0x22640x35ff	0x35c60x2264
0x34b90x35ff	0x35c60x34b9
0x21f10x35cb	0x36030x21f1
0x22640x35cb	0x36030x2264
0x34b90x35cb	0x36030x34b9
0x21f10x34c4	0x352e0x21f1
0x22640x34c4	0x352e0x2264
0x34b90x34c4	0x352e0x34b9
0x21f10x34ba	0x34c20x21f1
0x22640x34ba	0x34c20x2264
0x1cfd0x3482	0x65a70x1cfd
0x1d9b0x3482	0x65a70x1d9b
0x15630x3455	0x65820x1563
0x15630x3451	0xd950x1563
0x15630x33e4	0xd950x1563
0x14720x2840	0x63120x1472
0x1bc10x2840	0x63120x1bc1
0x26df0x2840	0x63120x26df
0x14720x2832	0x53500x1472
0x1bc10x2832	0x53500x1bc1
0x26df0x2832	0x53500x26df
0x14720x282e	0x62ea0x1472
0x1bc10x282e	0x62ea0x1bc1
0x26df0x282e	0x62ea0x26df
0x14720x2801	0x28360x1472
0x1bc10x2801	0x28360x1bc1
0x26df0x2801	0x28360x26df
0x14720x27cd	0x283f0x1472
0x1bc10x27cd	0x283f0x1bc1
0x26df0x27cd	0x283f0x26df
0x14720x279a	0x27a30x1472
0x1bc10x279a	0x27a30x1bc1
0x26df0x279a	0x27a30x26df
0x14720x2791	0x27a90x1472
0x1bc10x2791	0x27a90x1bc1
0x26df0x2791	0x27a90x26df
0x14720x2769	0x62c60x1472
0x1bc10x2769	0x62c60x1bc1
0x26df0x2769	0x62c60x26df
0x14720x2765	0x276d0x1472
0x1bc10x2765	0x276d0x1bc1
0x26df0x2765	0x276d0x26df
0x14720x2760	0x276d0x1472
0x1bc10x2760	0x276d0x1bc1
0x26df0x2760	0x276d0x26df
0x14720x2737	0x52740x1472
0x1bc10x2737	0x52740x1bc1
0x26df0x2737	0x52740x26df
0x14720x2733	0x629e0x1472
0x1bc10x2733	0x629e0x1bc1
0x26df0x2733	0x629e0x26df
0x14720x2706	0x273b0x1472
0x1bc10x2706	0x273b0x1bc1
0x21f10x26db	0x62790x21f1
0x220b0x26db	0x62790x220b
0x26170x26db	0x62790x2617
0x21f10x26ce	0x26d60x21f1
0x220b0x26ce	0x26d60x220b
0x26170x26ce	0x26d60x2617
0x21f10x26b3	0x26c00x21f1
0x220b0x26b3	0x26c00x220b
0x26170x26b3	0x26c00x2617
0x21f10x26a4	0x26ac0x21f1
0x220b0x26a4	0x26ac0x220b
0x26170x26a4	0x26ac0x2617
0x21f10x2641	0x62540x21f1
0x220b0x2641	0x62540x220b
0x26170x2641	0x62540x2617
0x21f10x2624	0x26450x21f1
0x220b0x2624	0x26450x220b
0x26170x2624	0x26450x2617
0x21f10x261a	0x26220x21f1
0x220b0x261a	0x26220x220b
0x21f10x2282	0x34b90x21f1
0x21f10x2228	0x26170x21f1
0x1cfd0x1db7	0x34660x1cfd
0x14720x1526	0x26df0x1472
0x1bc10x1526	0x26df0x1bc1
0x13930x1445	0x5ec60x1393
0x1f5f0x1445	0x5ec60x1f5f
0x117d0x1215	0x9c40x117d
0x153b0x1215	0x9c40x153b
0x15500x1215	0x9c40x1550
0xf230x1135	0x5dfd0xf23
0x1ac70x1135	0x5dfd0x1ac7
0xf230x1107	0xc5f0xf23
0x1ac70x1107	0xc5f0x1ac7
0xf230x109c	0x10da0xf23
0x1ac70x109c	0x10da0x1ac7
0xf230x1096	0x5dd70xf23
0x1ac70x1096	0x5dd70x1ac7
0xf230x1084	0x108d0xf23
0x1ac70x1084	0x108d0x1ac7
0xf230x1063	0x10880xf23
0x1ac70x1063	0x10880x1ac7
0xf230x1041	0x104a0xf23
0x1ac70x1041	0x104a0x1ac7
0xf230x1016	0x10940xf23
0x1ac70x1016	0x10940x1ac7
0xf230x1006	0x100f0xf23
0x1ac70x1006	0x100f0x1ac7
0xf230xfe5	0x100a0xf23
0x1ac70xfe5	0x100a0x1ac7
0xf230xfc4	0xfcd0xf23
0x1ac70xfc4	0xfcd0x1ac7
0xf230xf9c	0x101a0xf23
0x1ac70xf9c	0x101a0x1ac7
0xf230xf81	0xf870xf23
0x1ac70xf81	0xf870x1ac7
0xf230xf59	0x5daf0xf23
0x1ac70xf59	0x5daf0x1ac7
0x1ac70xf2c	0xf610x1ac7
0xe100xeed	0x5d5e0xe10
0x1bc10xeed	0x5d5e0x1bc1
0xa380xc85	0xc8e0xa38
0xf230xc85	0xc8e0xf23
0x1ac70xc85	0xc8e0x1ac7
0x2e6c0xc85	0xc8e0x2e6c
0xa380xc56	0x5c9e0xa38
0x2e6c0xc56	0x5c9e0x2e6c
0xa380xc28	0xc5f0xa38
0x2e6c0xc28	0xc5f0x2e6c
0xa380xbc0	0xbfe0xa38
0x2e6c0xbc0	0xbfe0x2e6c
0xa380xbba	0x5c780xa38
0x2e6c0xbba	0x5c780x2e6c
0xa380xba8	0xbb10xa38
0x2e6c0xba8	0xbb10x2e6c
0xa380xb87	0xbac0xa38
0x2e6c0xb87	0xbac0x2e6c
0xa380xb64	0xb6e0xa38
0x2e6c0xb64	0xb6e0x2e6c
0xa380xb54	0xb600xa38
0x2e6c0xb54	0xb600x2e6c
0xa380xb32	0xbb80xa38
0x2e6c0xb32	0xbb80x2e6c
0xa380xb22	0xb2b0xa38
0x2e6c0xb22	0xb2b0x2e6c
0xa380xb01	0xb260xa38
0x2e6c0xb01	0xb260x2e6c
0xa380xadf	0xae90xa38
0x2e6c0xadf	0xae90x2e6c
0xa380xacf	0xadb0xa38
0x2e6c0xacf	0xadb0x2e6c
0xa380xaaf	0xb360xa38
0x2e6c0xaaf	0xb360x2e6c
0xa380xa94	0xa9a0xa38
0x2e6c0xa94	0xa9a0x2e6c
0xa380xa6e	0x5c500xa38
0x2e6c0xa6e	0x5c500x2e6c
0x2e6c0xa41	0xa760x2e6c
0x9320x9cb	0x9d80x932
0x117d0x9cb	0x9d80x117d
0x153b0x9cb	0x9d80x153b
0x15500x9cb	0x9d80x1550
0x1ed80x9cb	0x9d80x1ed8
0x9320x9bc	0x9c40x932
0x1ed80x9bc	0x9c40x1ed8
