0x0	0x0
0x0	0x60
0x0	0x3f
0x0	0xd
0x0	0x55
0x0	0x1640
0x0	0x59
0x0	0x1643
0x0	0x1646
0x0	0x1649
0x0	0x164c
0x0	0x164f
0x0	0x1652
0x0	0x1e
0x0	0x29
0x0	0x34
0x0	0x4a
0x60	0x60
0x3f	0x3f
0x3f	0x55
0x3f	0x164f
0x3f	0x1652
0x3f	0x4a
0xd	0x3f
0xd	0xd
0xd	0x55
0xd	0x1643
0xd	0x1646
0xd	0x1649
0xd	0x164c
0xd	0x164f
0xd	0x1652
0xd	0x1e
0xd	0x29
0xd	0x34
0xd	0x4a
0x55	0x55
0x6d	0x6d
0xab	0xab
0xff	0xff
0x12f	0x12f
0x163	0x163
0x18e	0x18e
0x18e	0x1c3
0x206	0x206
0x237	0x237
0x237	0x1082
0x2af	0x2af
0x2af	0x10aa
0x2fb	0x2fb
0x2fb	0x10d2
0x346	0x346
0x346	0x10fa
0x360	0x360
0x360	0x112f
0x38d	0x38d
0x38d	0x1164
0x430	0x430
0x430	0x1199
0x481	0x481
0x481	0x11ce
0x4c5	0x4c5
0x4c5	0x1203
0x54a	0x54a
0x559	0x559
0x588	0x588
0x588	0x1238
0x5fd	0x5fd
0x5fd	0x1260
0x673	0x673
0x673	0x1288
0x6ca	0x6ca
0x705	0x705
0x705	0x712
0x705	0x735
0x705	0x76d
0x705	0x79e
0x705	0xffe
0x705	0x719
0x705	0x12bd
0x705	0x73c
0x705	0x12f2
0x705	0x751
0x705	0xfd5
0x705	0x78e
0x705	0x793
0x705	0x7da
0x705	0x1327
0x705	0x7e7
0x705	0xff1
0x705	0xfe7
0x705	0x1005
0x705	0x1423
0x712	0x712
0x712	0x12bd
0x735	0x735
0x735	0x12f2
0x76d	0x76d
0x79e	0x79e
0x79e	0x1327
0x83e	0x83e
0x8de	0x8de
0x8ed	0x8ed
0x91e	0x91e
0x94c	0x94c
0x985	0x985
0x99a	0x99a
0x9b1	0x9b1
0x9c9	0x9c9
0x9e6	0x9e6
0xa13	0xa13
0xa53	0xa53
0xaac	0xaac
0xac3	0xac3
0xade	0xade
0xafc	0xafc
0xb13	0xb13
0xb38	0xb38
0xb5d	0xb5d
0xb94	0xb94
0xbf3	0xbf3
0xbf3	0x134f
0xc14	0xc14
0xc14	0x1384
0xc38	0xc38
0xc55	0xc55
0xc66	0xc66
0xc8e	0xc8e
0xdf1	0xdf1
0xdf1	0x13b9
0xe0f	0xe0f
0xe0f	0x13ee
0xe2d	0xe2d
0xe5c	0xe5c
0xe7e	0xe7e
0xe90	0xe90
0xeb7	0xeb7
0xef7	0xef7
0xf16	0xf16
0xf2a	0xf2a
0xf57	0xf57
0xf97	0xf97
0xfc1	0xfc1
0xfd1	0xfd1
0xffe	0xffe
0xffe	0x1423
0x101a	0x101a
0x1030	0x1030
0x1030	0x1458
0x1640	0x1640
0x59	0x60
0x59	0x1640
0x59	0x59
0x71	0x71
0x71	0x8d0x65
0x71	0x148d0x65
0xaf	0xaf
0xaf	0x8d0xa3
0xaf	0x148d0xa3
0xea	0xea
0xea	0x14b5
0xe5	0xea
0xe5	0xe5
0xe5	0x14b5
0x9d4	0x9e6
0x9d4	0xa13
0x9d4	0x9d4
0x9d4	0x9ea
0x9d4	0x9f5
0x9d4	0xa17
0x9d4	0xa23
0x17d	0x18e
0x17d	0x206
0x17d	0x237
0x17d	0x17d
0x17d	0x1cc
0x17d	0x1ea
0x17d	0xcb2
0x17d	0x227
0x17d	0x22c
0x17d	0x272
0x17d	0x1082
0x17d	0x1c3
0x14b5	0x14b5
0xa8b	0xa8b
0xa8b	0x1551
0x103	0x2af
0x103	0x2fb
0x103	0x346
0x103	0x360
0x103	0x38d
0x103	0x588
0x103	0x5fd
0x103	0x673
0x103	0x6ca
0x103	0x705
0x103	0x712
0x103	0x735
0x103	0x76d
0x103	0x79e
0x103	0x83e
0x103	0x8de
0x103	0x8ed
0x103	0x91e
0x103	0x94c
0x103	0xffe
0x103	0x101a
0x103	0x103
0x103	0x117
0x103	0x112
0x103	0x27c
0x103	0x14dd
0x103	0x2ea
0x103	0x10aa
0x103	0x335
0x103	0x10d2
0x103	0x37c
0x103	0x34d
0x103	0x10fa
0x103	0x367
0x103	0x112f
0x103	0x570
0x103	0x3d9
0x103	0x394
0x103	0x1164
0x103	0x5d4
0x103	0x57d
0x103	0x1505
0x103	0x1238
0x103	0x5ed
0x103	0x644
0x103	0x1260
0x103	0x67a
0x103	0x1288
0x103	0x6b4
0x103	0x6d3
0x103	0x6f7
0x103	0x7ef
0x103	0x719
0x103	0x12bd
0x103	0x73c
0x103	0x12f2
0x103	0x751
0x103	0xfd5
0x103	0x78e
0x103	0x793
0x103	0x7da
0x103	0x1327
0x103	0x7e7
0x103	0xff1
0x103	0x6fb
0x103	0x82a
0x103	0x847
0x103	0x86b
0x103	0x100c
0x103	0x87a
0x103	0x884
0x103	0x8aa
0x103	0x8c8
0x103	0x8e2
0x103	0x8f6
0x103	0x927
0x103	0x955
0x103	0xfe7
0x103	0x1005
0x103	0x1423
0x103	0x101e
0x117	0x117
0x117	0x14dd
0x112	0x2af
0x112	0x2fb
0x112	0x346
0x112	0x360
0x112	0x38d
0x112	0x588
0x112	0x5fd
0x112	0x673
0x112	0x6ca
0x112	0x705
0x112	0x712
0x112	0x735
0x112	0x76d
0x112	0x79e
0x112	0x83e
0x112	0x8de
0x112	0x8ed
0x112	0x91e
0x112	0x94c
0x112	0xffe
0x112	0x101a
0x112	0x117
0x112	0x112
0x112	0x27c
0x112	0x14dd
0x112	0x2ea
0x112	0x10aa
0x112	0x335
0x112	0x10d2
0x112	0x37c
0x112	0x34d
0x112	0x10fa
0x112	0x367
0x112	0x112f
0x112	0x570
0x112	0x3d9
0x112	0x394
0x112	0x1164
0x112	0x5d4
0x112	0x57d
0x112	0x1505
0x112	0x1238
0x112	0x5ed
0x112	0x644
0x112	0x1260
0x112	0x67a
0x112	0x1288
0x112	0x6b4
0x112	0x6d3
0x112	0x6f7
0x112	0x7ef
0x112	0x719
0x112	0x12bd
0x112	0x73c
0x112	0x12f2
0x112	0x751
0x112	0xfd5
0x112	0x78e
0x112	0x793
0x112	0x7da
0x112	0x1327
0x112	0x7e7
0x112	0xff1
0x112	0x6fb
0x112	0x82a
0x112	0x847
0x112	0x86b
0x112	0x100c
0x112	0x87a
0x112	0x884
0x112	0x8aa
0x112	0x8c8
0x112	0x8e2
0x112	0x8f6
0x112	0x927
0x112	0x955
0x112	0xfe7
0x112	0x1005
0x112	0x1423
0x112	0x101e
0xae2	0xafc
0xae2	0xb13
0xae2	0xb38
0xae2	0xb5d
0xae2	0xb94
0xae2	0xae2
0xae2	0xb00
0xae2	0xb17
0xae2	0xb23
0xae2	0xb3c
0xae2	0xb48
0xae2	0xb61
0xae2	0xb6d
0xae2	0xb82
0xae2	0xb98
0xae2	0xba5
0x27c	0x2af
0x27c	0x2fb
0x27c	0x346
0x27c	0x360
0x27c	0x38d
0x27c	0x588
0x27c	0x5fd
0x27c	0x673
0x27c	0x6ca
0x27c	0x705
0x27c	0x712
0x27c	0x735
0x27c	0x76d
0x27c	0x79e
0x27c	0x83e
0x27c	0x8de
0x27c	0x8ed
0x27c	0x91e
0x27c	0x94c
0x27c	0xffe
0x27c	0x101a
0x27c	0x117
0x27c	0x27c
0x27c	0x14dd
0x27c	0x2ea
0x27c	0x10aa
0x27c	0x335
0x27c	0x10d2
0x27c	0x37c
0x27c	0x34d
0x27c	0x10fa
0x27c	0x367
0x27c	0x112f
0x27c	0x570
0x27c	0x3d9
0x27c	0x394
0x27c	0x1164
0x27c	0x5d4
0x27c	0x57d
0x27c	0x1505
0x27c	0x1238
0x27c	0x5ed
0x27c	0x644
0x27c	0x1260
0x27c	0x67a
0x27c	0x1288
0x27c	0x6b4
0x27c	0x6d3
0x27c	0x6f7
0x27c	0x7ef
0x27c	0x719
0x27c	0x12bd
0x27c	0x73c
0x27c	0x12f2
0x27c	0x751
0x27c	0xfd5
0x27c	0x78e
0x27c	0x793
0x27c	0x7da
0x27c	0x1327
0x27c	0x7e7
0x27c	0xff1
0x27c	0x6fb
0x27c	0x82a
0x27c	0x847
0x27c	0x86b
0x27c	0x100c
0x27c	0x87a
0x27c	0x884
0x27c	0x8aa
0x27c	0x8c8
0x27c	0x8e2
0x27c	0x8f6
0x27c	0x927
0x27c	0x955
0x27c	0xfe7
0x27c	0x1005
0x27c	0x1423
0x27c	0x101e
0x14dd	0x14dd
0x133	0x133
0x133	0x8d0x127
0x133	0x148d0x127
0x167	0xc38
0x167	0xc55
0x167	0xc66
0x167	0xc8e
0x167	0x167
0x167	0x17b
0x167	0x176
0x167	0xc29
0x167	0xc3c
0x167	0xc59
0x167	0xc6a
0x167	0xc7d
0x167	0x159d
0x167	0xc92
0x17b	0x17b
0x176	0x17b
0x176	0x176
0xc29	0xc38
0xc29	0xc55
0xc29	0xc66
0xc29	0xc8e
0xc29	0x17b
0xc29	0x176
0xc29	0xc29
0xc29	0xc3c
0xc29	0xc59
0xc29	0xc6a
0xc29	0xc7d
0xc29	0x159d
0xc29	0xc92
0x3ea	0x430
0x3ea	0x481
0x3ea	0x4c5
0x3ea	0x54a
0x3ea	0x559
0x3ea	0x3ea
0x3ea	0x437
0x3ea	0x1199
0x3ea	0x488
0x3ea	0x11ce
0x3ea	0x4cc
0x3ea	0x1203
0x3ea	0x534
0x3ea	0x54e
0x3ea	0x562
0x1cc	0x206
0x1cc	0x237
0x1cc	0x1cc
0x1cc	0x1ea
0x1cc	0xcb2
0x1cc	0x227
0x1cc	0x22c
0x1cc	0x272
0x1cc	0x1082
0x1ea	0x206
0x1ea	0x237
0x1ea	0x1ea
0x1ea	0x227
0x1ea	0x22c
0x1ea	0x272
0x1ea	0x1082
0xcb2	0x206
0xcb2	0x237
0xcb2	0x1ea
0xcb2	0xcb2
0xcb2	0x227
0xcb2	0x22c
0xcb2	0x272
0xcb2	0x1082
0x227	0x227
0x22c	0x237
0x22c	0x22c
0x22c	0x272
0x22c	0x1082
0x272	0x272
0x1082	0x1082
0x2ea	0x2fb
0x2ea	0x346
0x2ea	0x360
0x2ea	0x38d
0x2ea	0x588
0x2ea	0x5fd
0x2ea	0x673
0x2ea	0x6ca
0x2ea	0x705
0x2ea	0x712
0x2ea	0x735
0x2ea	0x76d
0x2ea	0x79e
0x2ea	0x83e
0x2ea	0x8de
0x2ea	0x8ed
0x2ea	0x91e
0x2ea	0x94c
0x2ea	0xffe
0x2ea	0x101a
0x2ea	0x117
0x2ea	0x14dd
0x2ea	0x2ea
0x2ea	0x335
0x2ea	0x10d2
0x2ea	0x37c
0x2ea	0x34d
0x2ea	0x10fa
0x2ea	0x367
0x2ea	0x112f
0x2ea	0x570
0x2ea	0x3d9
0x2ea	0x394
0x2ea	0x1164
0x2ea	0x5d4
0x2ea	0x57d
0x2ea	0x1505
0x2ea	0x1238
0x2ea	0x5ed
0x2ea	0x644
0x2ea	0x1260
0x2ea	0x67a
0x2ea	0x1288
0x2ea	0x6b4
0x2ea	0x6d3
0x2ea	0x6f7
0x2ea	0x7ef
0x2ea	0x719
0x2ea	0x12bd
0x2ea	0x73c
0x2ea	0x12f2
0x2ea	0x751
0x2ea	0xfd5
0x2ea	0x78e
0x2ea	0x793
0x2ea	0x7da
0x2ea	0x1327
0x2ea	0x7e7
0x2ea	0xff1
0x2ea	0x6fb
0x2ea	0x82a
0x2ea	0x847
0x2ea	0x86b
0x2ea	0x100c
0x2ea	0x87a
0x2ea	0x884
0x2ea	0x8aa
0x2ea	0x8c8
0x2ea	0x8e2
0x2ea	0x8f6
0x2ea	0x927
0x2ea	0x955
0x2ea	0xfe7
0x2ea	0x1005
0x2ea	0x1423
0x2ea	0x101e
0x10aa	0x10aa
0x335	0x346
0x335	0x360
0x335	0x38d
0x335	0x588
0x335	0x5fd
0x335	0x673
0x335	0x6ca
0x335	0x705
0x335	0x712
0x335	0x735
0x335	0x76d
0x335	0x79e
0x335	0x83e
0x335	0x8de
0x335	0x8ed
0x335	0x91e
0x335	0x94c
0x335	0xffe
0x335	0x101a
0x335	0x117
0x335	0x14dd
0x335	0x335
0x335	0x37c
0x335	0x34d
0x335	0x10fa
0x335	0x367
0x335	0x112f
0x335	0x570
0x335	0x3d9
0x335	0x394
0x335	0x1164
0x335	0x5d4
0x335	0x57d
0x335	0x1505
0x335	0x1238
0x335	0x5ed
0x335	0x644
0x335	0x1260
0x335	0x67a
0x335	0x1288
0x335	0x6b4
0x335	0x6d3
0x335	0x6f7
0x335	0x7ef
0x335	0x719
0x335	0x12bd
0x335	0x73c
0x335	0x12f2
0x335	0x751
0x335	0xfd5
0x335	0x78e
0x335	0x793
0x335	0x7da
0x335	0x1327
0x335	0x7e7
0x335	0xff1
0x335	0x6fb
0x335	0x82a
0x335	0x847
0x335	0x86b
0x335	0x100c
0x335	0x87a
0x335	0x884
0x335	0x8aa
0x335	0x8c8
0x335	0x8e2
0x335	0x8f6
0x335	0x927
0x335	0x955
0x335	0xfe7
0x335	0x1005
0x335	0x1423
0x335	0x101e
0x10d2	0x10d2
0x37c	0x38d
0x37c	0x5fd
0x37c	0x673
0x37c	0x6ca
0x37c	0x705
0x37c	0x712
0x37c	0x735
0x37c	0x76d
0x37c	0x79e
0x37c	0x83e
0x37c	0x8de
0x37c	0x8ed
0x37c	0x91e
0x37c	0x94c
0x37c	0xffe
0x37c	0x101a
0x37c	0x117
0x37c	0x14dd
0x37c	0x37c
0x37c	0x3d9
0x37c	0x394
0x37c	0x1164
0x37c	0x5d4
0x37c	0x5ed
0x37c	0x644
0x37c	0x1260
0x37c	0x67a
0x37c	0x1288
0x37c	0x6b4
0x37c	0x6d3
0x37c	0x6f7
0x37c	0x7ef
0x37c	0x719
0x37c	0x12bd
0x37c	0x73c
0x37c	0x12f2
0x37c	0x751
0x37c	0xfd5
0x37c	0x78e
0x37c	0x793
0x37c	0x7da
0x37c	0x1327
0x37c	0x7e7
0x37c	0xff1
0x37c	0x6fb
0x37c	0x82a
0x37c	0x847
0x37c	0x86b
0x37c	0x100c
0x37c	0x87a
0x37c	0x884
0x37c	0x8aa
0x37c	0x8c8
0x37c	0x8e2
0x37c	0x8f6
0x37c	0x927
0x37c	0x955
0x37c	0xfe7
0x37c	0x1005
0x37c	0x1423
0x37c	0x101e
0x34d	0x360
0x34d	0x38d
0x34d	0x588
0x34d	0x5fd
0x34d	0x673
0x34d	0x6ca
0x34d	0x705
0x34d	0x712
0x34d	0x735
0x34d	0x76d
0x34d	0x79e
0x34d	0x83e
0x34d	0x8de
0x34d	0x8ed
0x34d	0x91e
0x34d	0x94c
0x34d	0xffe
0x34d	0x101a
0x34d	0x117
0x34d	0x14dd
0x34d	0x37c
0x34d	0x34d
0x34d	0x367
0x34d	0x112f
0x34d	0x570
0x34d	0x3d9
0x34d	0x394
0x34d	0x1164
0x34d	0x5d4
0x34d	0x57d
0x34d	0x1505
0x34d	0x1238
0x34d	0x5ed
0x34d	0x644
0x34d	0x1260
0x34d	0x67a
0x34d	0x1288
0x34d	0x6b4
0x34d	0x6d3
0x34d	0x6f7
0x34d	0x7ef
0x34d	0x719
0x34d	0x12bd
0x34d	0x73c
0x34d	0x12f2
0x34d	0x751
0x34d	0xfd5
0x34d	0x78e
0x34d	0x793
0x34d	0x7da
0x34d	0x1327
0x34d	0x7e7
0x34d	0xff1
0x34d	0x6fb
0x34d	0x82a
0x34d	0x847
0x34d	0x86b
0x34d	0x100c
0x34d	0x87a
0x34d	0x884
0x34d	0x8aa
0x34d	0x8c8
0x34d	0x8e2
0x34d	0x8f6
0x34d	0x927
0x34d	0x955
0x34d	0xfe7
0x34d	0x1005
0x34d	0x1423
0x34d	0x101e
0x10fa	0x10fa
0x367	0x38d
0x367	0x588
0x367	0x5fd
0x367	0x673
0x367	0x6ca
0x367	0x705
0x367	0x712
0x367	0x735
0x367	0x76d
0x367	0x79e
0x367	0x83e
0x367	0x8de
0x367	0x8ed
0x367	0x91e
0x367	0x94c
0x367	0xffe
0x367	0x101a
0x367	0x117
0x367	0x14dd
0x367	0x37c
0x367	0x367
0x367	0x570
0x367	0x3d9
0x367	0x394
0x367	0x1164
0x367	0x5d4
0x367	0x57d
0x367	0x1505
0x367	0x1238
0x367	0x5ed
0x367	0x644
0x367	0x1260
0x367	0x67a
0x367	0x1288
0x367	0x6b4
0x367	0x6d3
0x367	0x6f7
0x367	0x7ef
0x367	0x719
0x367	0x12bd
0x367	0x73c
0x367	0x12f2
0x367	0x751
0x367	0xfd5
0x367	0x78e
0x367	0x793
0x367	0x7da
0x367	0x1327
0x367	0x7e7
0x367	0xff1
0x367	0x6fb
0x367	0x82a
0x367	0x847
0x367	0x86b
0x367	0x100c
0x367	0x87a
0x367	0x884
0x367	0x8aa
0x367	0x8c8
0x367	0x8e2
0x367	0x8f6
0x367	0x927
0x367	0x955
0x367	0xfe7
0x367	0x1005
0x367	0x1423
0x367	0x101e
0x112f	0x112f
0x570	0x38d
0x570	0x588
0x570	0x5fd
0x570	0x673
0x570	0x6ca
0x570	0x705
0x570	0x712
0x570	0x735
0x570	0x76d
0x570	0x79e
0x570	0x83e
0x570	0x8de
0x570	0x8ed
0x570	0x91e
0x570	0x94c
0x570	0xffe
0x570	0x101a
0x570	0x117
0x570	0x14dd
0x570	0x37c
0x570	0x570
0x570	0x3d9
0x570	0x394
0x570	0x1164
0x570	0x5d4
0x570	0x57d
0x570	0x1505
0x570	0x1238
0x570	0x5ed
0x570	0x644
0x570	0x1260
0x570	0x67a
0x570	0x1288
0x570	0x6b4
0x570	0x6d3
0x570	0x6f7
0x570	0x7ef
0x570	0x719
0x570	0x12bd
0x570	0x73c
0x570	0x12f2
0x570	0x751
0x570	0xfd5
0x570	0x78e
0x570	0x793
0x570	0x7da
0x570	0x1327
0x570	0x7e7
0x570	0xff1
0x570	0x6fb
0x570	0x82a
0x570	0x847
0x570	0x86b
0x570	0x100c
0x570	0x87a
0x570	0x884
0x570	0x8aa
0x570	0x8c8
0x570	0x8e2
0x570	0x8f6
0x570	0x927
0x570	0x955
0x570	0xfe7
0x570	0x1005
0x570	0x1423
0x570	0x101e
0x3d9	0x117
0x3d9	0x14dd
0x3d9	0x3d9
0x394	0x5fd
0x394	0x673
0x394	0x6ca
0x394	0x705
0x394	0x712
0x394	0x735
0x394	0x76d
0x394	0x79e
0x394	0x83e
0x394	0x8de
0x394	0x8ed
0x394	0x91e
0x394	0x94c
0x394	0xffe
0x394	0x101a
0x394	0x117
0x394	0x14dd
0x394	0x3d9
0x394	0x394
0x394	0x5d4
0x394	0x5ed
0x394	0x644
0x394	0x1260
0x394	0x67a
0x394	0x1288
0x394	0x6b4
0x394	0x6d3
0x394	0x6f7
0x394	0x7ef
0x394	0x719
0x394	0x12bd
0x394	0x73c
0x394	0x12f2
0x394	0x751
0x394	0xfd5
0x394	0x78e
0x394	0x793
0x394	0x7da
0x394	0x1327
0x394	0x7e7
0x394	0xff1
0x394	0x6fb
0x394	0x82a
0x394	0x847
0x394	0x86b
0x394	0x100c
0x394	0x87a
0x394	0x884
0x394	0x8aa
0x394	0x8c8
0x394	0x8e2
0x394	0x8f6
0x394	0x927
0x394	0x955
0x394	0xfe7
0x394	0x1005
0x394	0x1423
0x394	0x101e
0x1164	0x1164
0x5d4	0x5fd
0x5d4	0x673
0x5d4	0x6ca
0x5d4	0x705
0x5d4	0x712
0x5d4	0x735
0x5d4	0x76d
0x5d4	0x79e
0x5d4	0x83e
0x5d4	0x8de
0x5d4	0x8ed
0x5d4	0x91e
0x5d4	0x94c
0x5d4	0xffe
0x5d4	0x101a
0x5d4	0x117
0x5d4	0x14dd
0x5d4	0x3d9
0x5d4	0x5d4
0x5d4	0x5ed
0x5d4	0x644
0x5d4	0x1260
0x5d4	0x67a
0x5d4	0x1288
0x5d4	0x6b4
0x5d4	0x6d3
0x5d4	0x6f7
0x5d4	0x7ef
0x5d4	0x719
0x5d4	0x12bd
0x5d4	0x73c
0x5d4	0x12f2
0x5d4	0x751
0x5d4	0xfd5
0x5d4	0x78e
0x5d4	0x793
0x5d4	0x7da
0x5d4	0x1327
0x5d4	0x7e7
0x5d4	0xff1
0x5d4	0x6fb
0x5d4	0x82a
0x5d4	0x847
0x5d4	0x86b
0x5d4	0x100c
0x5d4	0x87a
0x5d4	0x884
0x5d4	0x8aa
0x5d4	0x8c8
0x5d4	0x8e2
0x5d4	0x8f6
0x5d4	0x927
0x5d4	0x955
0x5d4	0xfe7
0x5d4	0x1005
0x5d4	0x1423
0x5d4	0x101e
0x437	0x481
0x437	0x4c5
0x437	0x54a
0x437	0x559
0x437	0x437
0x437	0x488
0x437	0x11ce
0x437	0x4cc
0x437	0x1203
0x437	0x534
0x437	0x54e
0x437	0x562
0x1199	0x1199
0x488	0x4c5
0x488	0x54a
0x488	0x559
0x488	0x488
0x488	0x4cc
0x488	0x1203
0x488	0x534
0x488	0x54e
0x488	0x562
0x11ce	0x11ce
0x4cc	0x54a
0x4cc	0x559
0x4cc	0x4cc
0x4cc	0x534
0x4cc	0x54e
0x4cc	0x562
0x1203	0x1203
0x534	0x54a
0x534	0x559
0x534	0x534
0x534	0x54e
0x534	0x562
0xd13	0xd13
0xd13	0xd62
0xd13	0xd44
0xd13	0xd76
0xd13	0xd8d
0xd13	0xdb0
0xd13	0xdc3
0xd13	0xd4d
0x54e	0x559
0x54e	0x54e
0x54e	0x562
0x562	0x562
0x57d	0x38d
0x57d	0x588
0x57d	0x5fd
0x57d	0x673
0x57d	0x6ca
0x57d	0x705
0x57d	0x712
0x57d	0x735
0x57d	0x76d
0x57d	0x79e
0x57d	0x83e
0x57d	0x8de
0x57d	0x8ed
0x57d	0x91e
0x57d	0x94c
0x57d	0xffe
0x57d	0x101a
0x57d	0x117
0x57d	0x14dd
0x57d	0x37c
0x57d	0x3d9
0x57d	0x394
0x57d	0x1164
0x57d	0x5d4
0x57d	0x57d
0x57d	0x1505
0x57d	0x1238
0x57d	0x5ed
0x57d	0x644
0x57d	0x1260
0x57d	0x67a
0x57d	0x1288
0x57d	0x6b4
0x57d	0x6d3
0x57d	0x6f7
0x57d	0x7ef
0x57d	0x719
0x57d	0x12bd
0x57d	0x73c
0x57d	0x12f2
0x57d	0x751
0x57d	0xfd5
0x57d	0x78e
0x57d	0x793
0x57d	0x7da
0x57d	0x1327
0x57d	0x7e7
0x57d	0xff1
0x57d	0x6fb
0x57d	0x82a
0x57d	0x847
0x57d	0x86b
0x57d	0x100c
0x57d	0x87a
0x57d	0x884
0x57d	0x8aa
0x57d	0x8c8
0x57d	0x8e2
0x57d	0x8f6
0x57d	0x927
0x57d	0x955
0x57d	0xfe7
0x57d	0x1005
0x57d	0x1423
0x57d	0x101e
0xde5	0xdf1
0xde5	0xde5
0xde5	0xdf8
0xde5	0x13b9
0x1505	0x38d
0x1505	0x5fd
0x1505	0x673
0x1505	0x6ca
0x1505	0x705
0x1505	0x712
0x1505	0x735
0x1505	0x76d
0x1505	0x79e
0x1505	0x83e
0x1505	0x8de
0x1505	0x8ed
0x1505	0x91e
0x1505	0x94c
0x1505	0xffe
0x1505	0x101a
0x1505	0x117
0x1505	0x14dd
0x1505	0x37c
0x1505	0x3d9
0x1505	0x394
0x1505	0x1164
0x1505	0x5d4
0x1505	0x1505
0x1505	0x5ed
0x1505	0x644
0x1505	0x1260
0x1505	0x67a
0x1505	0x1288
0x1505	0x6b4
0x1505	0x6d3
0x1505	0x6f7
0x1505	0x7ef
0x1505	0x719
0x1505	0x12bd
0x1505	0x73c
0x1505	0x12f2
0x1505	0x751
0x1505	0xfd5
0x1505	0x78e
0x1505	0x793
0x1505	0x7da
0x1505	0x1327
0x1505	0x7e7
0x1505	0xff1
0x1505	0x6fb
0x1505	0x82a
0x1505	0x847
0x1505	0x86b
0x1505	0x100c
0x1505	0x87a
0x1505	0x884
0x1505	0x8aa
0x1505	0x8c8
0x1505	0x8e2
0x1505	0x8f6
0x1505	0x927
0x1505	0x955
0x1505	0xfe7
0x1505	0x1005
0x1505	0x1423
0x1505	0x101e
0x1238	0x1238
0x5ed	0x5fd
0x5ed	0x673
0x5ed	0x6ca
0x5ed	0x705
0x5ed	0x712
0x5ed	0x735
0x5ed	0x76d
0x5ed	0x79e
0x5ed	0x83e
0x5ed	0x8de
0x5ed	0x8ed
0x5ed	0x91e
0x5ed	0x94c
0x5ed	0xffe
0x5ed	0x101a
0x5ed	0x117
0x5ed	0x14dd
0x5ed	0x3d9
0x5ed	0x5ed
0x5ed	0x644
0x5ed	0x1260
0x5ed	0x67a
0x5ed	0x1288
0x5ed	0x6b4
0x5ed	0x6d3
0x5ed	0x6f7
0x5ed	0x7ef
0x5ed	0x719
0x5ed	0x12bd
0x5ed	0x73c
0x5ed	0x12f2
0x5ed	0x751
0x5ed	0xfd5
0x5ed	0x78e
0x5ed	0x793
0x5ed	0x7da
0x5ed	0x1327
0x5ed	0x7e7
0x5ed	0xff1
0x5ed	0x6fb
0x5ed	0x82a
0x5ed	0x847
0x5ed	0x86b
0x5ed	0x100c
0x5ed	0x87a
0x5ed	0x884
0x5ed	0x8aa
0x5ed	0x8c8
0x5ed	0x8e2
0x5ed	0x8f6
0x5ed	0x927
0x5ed	0x955
0x5ed	0xfe7
0x5ed	0x1005
0x5ed	0x1423
0x5ed	0x101e
0xee6	0xef7
0xee6	0xf16
0xee6	0xf2a
0xee6	0xf57
0xee6	0xf97
0xee6	0xee6
0xee6	0xefb
0xee6	0xf1a
0xee6	0xf2e
0xee6	0xf3c
0xee6	0x1609
0xee6	0xf5b
0xee6	0xf82
0xee6	0xf73
0xee6	0xf60
0xee6	0xf9b
0xee6	0xfa9
0xee6	0xf69
0x644	0x673
0x644	0x6ca
0x644	0x705
0x644	0x712
0x644	0x735
0x644	0x76d
0x644	0x79e
0x644	0x83e
0x644	0x8de
0x644	0x8ed
0x644	0x91e
0x644	0x94c
0x644	0xffe
0x644	0x101a
0x644	0x117
0x644	0x14dd
0x644	0x3d9
0x644	0x644
0x644	0x67a
0x644	0x1288
0x644	0x6b4
0x644	0x6d3
0x644	0x6f7
0x644	0x7ef
0x644	0x719
0x644	0x12bd
0x644	0x73c
0x644	0x12f2
0x644	0x751
0x644	0xfd5
0x644	0x78e
0x644	0x793
0x644	0x7da
0x644	0x1327
0x644	0x7e7
0x644	0xff1
0x644	0x6fb
0x644	0x82a
0x644	0x847
0x644	0x86b
0x644	0x100c
0x644	0x87a
0x644	0x884
0x644	0x8aa
0x644	0x8c8
0x644	0x8e2
0x644	0x8f6
0x644	0x927
0x644	0x955
0x644	0xfe7
0x644	0x1005
0x644	0x1423
0x644	0x101e
0x1260	0x1260
0x67a	0x6ca
0x67a	0x705
0x67a	0x712
0x67a	0x735
0x67a	0x76d
0x67a	0x79e
0x67a	0x83e
0x67a	0x8de
0x67a	0x8ed
0x67a	0x91e
0x67a	0x94c
0x67a	0xffe
0x67a	0x101a
0x67a	0x117
0x67a	0x14dd
0x67a	0x3d9
0x67a	0x67a
0x67a	0x6b4
0x67a	0x6d3
0x67a	0x6f7
0x67a	0x7ef
0x67a	0x719
0x67a	0x12bd
0x67a	0x73c
0x67a	0x12f2
0x67a	0x751
0x67a	0xfd5
0x67a	0x78e
0x67a	0x793
0x67a	0x7da
0x67a	0x1327
0x67a	0x7e7
0x67a	0xff1
0x67a	0x6fb
0x67a	0x82a
0x67a	0x847
0x67a	0x86b
0x67a	0x100c
0x67a	0x87a
0x67a	0x884
0x67a	0x8aa
0x67a	0x8c8
0x67a	0x8e2
0x67a	0x8f6
0x67a	0x927
0x67a	0x955
0x67a	0xfe7
0x67a	0x1005
0x67a	0x1423
0x67a	0x101e
0x1288	0x1288
0x6b4	0x6ca
0x6b4	0x705
0x6b4	0x712
0x6b4	0x735
0x6b4	0x76d
0x6b4	0x79e
0x6b4	0x83e
0x6b4	0x8de
0x6b4	0x8ed
0x6b4	0x91e
0x6b4	0x94c
0x6b4	0xffe
0x6b4	0x101a
0x6b4	0x117
0x6b4	0x14dd
0x6b4	0x3d9
0x6b4	0x6b4
0x6b4	0x6d3
0x6b4	0x6f7
0x6b4	0x7ef
0x6b4	0x719
0x6b4	0x12bd
0x6b4	0x73c
0x6b4	0x12f2
0x6b4	0x751
0x6b4	0xfd5
0x6b4	0x78e
0x6b4	0x793
0x6b4	0x7da
0x6b4	0x1327
0x6b4	0x7e7
0x6b4	0xff1
0x6b4	0x6fb
0x6b4	0x82a
0x6b4	0x847
0x6b4	0x86b
0x6b4	0x100c
0x6b4	0x87a
0x6b4	0x884
0x6b4	0x8aa
0x6b4	0x8c8
0x6b4	0x8e2
0x6b4	0x8f6
0x6b4	0x927
0x6b4	0x955
0x6b4	0xfe7
0x6b4	0x1005
0x6b4	0x1423
0x6b4	0x101e
0x6d3	0x705
0x6d3	0x712
0x6d3	0x735
0x6d3	0x76d
0x6d3	0x79e
0x6d3	0x83e
0x6d3	0x8de
0x6d3	0x8ed
0x6d3	0x91e
0x6d3	0x94c
0x6d3	0xffe
0x6d3	0x101a
0x6d3	0x117
0x6d3	0x14dd
0x6d3	0x3d9
0x6d3	0x6d3
0x6d3	0x6f7
0x6d3	0x7ef
0x6d3	0x719
0x6d3	0x12bd
0x6d3	0x73c
0x6d3	0x12f2
0x6d3	0x751
0x6d3	0xfd5
0x6d3	0x78e
0x6d3	0x793
0x6d3	0x7da
0x6d3	0x1327
0x6d3	0x7e7
0x6d3	0xff1
0x6d3	0x6fb
0x6d3	0x82a
0x6d3	0x847
0x6d3	0x86b
0x6d3	0x100c
0x6d3	0x87a
0x6d3	0x884
0x6d3	0x8aa
0x6d3	0x8c8
0x6d3	0x8e2
0x6d3	0x8f6
0x6d3	0x927
0x6d3	0x955
0x6d3	0xfe7
0x6d3	0x1005
0x6d3	0x1423
0x6d3	0x101e
0x6f7	0x705
0x6f7	0x712
0x6f7	0x735
0x6f7	0x76d
0x6f7	0x79e
0x6f7	0x83e
0x6f7	0x8de
0x6f7	0x8ed
0x6f7	0x91e
0x6f7	0x94c
0x6f7	0xffe
0x6f7	0x101a
0x6f7	0x117
0x6f7	0x14dd
0x6f7	0x3d9
0x6f7	0x6f7
0x6f7	0x7ef
0x6f7	0x719
0x6f7	0x12bd
0x6f7	0x73c
0x6f7	0x12f2
0x6f7	0x751
0x6f7	0xfd5
0x6f7	0x78e
0x6f7	0x793
0x6f7	0x7da
0x6f7	0x1327
0x6f7	0x7e7
0x6f7	0xff1
0x6f7	0x6fb
0x6f7	0x82a
0x6f7	0x847
0x6f7	0x86b
0x6f7	0x100c
0x6f7	0x87a
0x6f7	0x884
0x6f7	0x8aa
0x6f7	0x8c8
0x6f7	0x8e2
0x6f7	0x8f6
0x6f7	0x927
0x6f7	0x955
0x6f7	0xfe7
0x6f7	0x1005
0x6f7	0x1423
0x6f7	0x101e
0xfb3	0xfc1
0xfb3	0xfd1
0xfb3	0xfb3
0xfb3	0xfc5
0xfb3	0x162d
0x7ef	0x83e
0x7ef	0x8de
0x7ef	0x8ed
0x7ef	0x91e
0x7ef	0x94c
0x7ef	0x101a
0x7ef	0x117
0x7ef	0x14dd
0x7ef	0x3d9
0x7ef	0x7ef
0x7ef	0x82a
0x7ef	0x847
0x7ef	0x86b
0x7ef	0x100c
0x7ef	0x87a
0x7ef	0x884
0x7ef	0x8aa
0x7ef	0x8c8
0x7ef	0x8e2
0x7ef	0x8f6
0x7ef	0x927
0x7ef	0x955
0x7ef	0x101e
0x719	0x735
0x719	0x76d
0x719	0x79e
0x719	0xffe
0x719	0x719
0x719	0x73c
0x719	0x12f2
0x719	0x751
0x719	0xfd5
0x719	0x78e
0x719	0x793
0x719	0x7da
0x719	0x1327
0x719	0x7e7
0x719	0xff1
0x719	0xfe7
0x719	0x1005
0x719	0x1423
0x12bd	0x12bd
0x73c	0x76d
0x73c	0x79e
0x73c	0xffe
0x73c	0x73c
0x73c	0x751
0x73c	0xfd5
0x73c	0x78e
0x73c	0x793
0x73c	0x7da
0x73c	0x1327
0x73c	0x7e7
0x73c	0xff1
0x73c	0xfe7
0x73c	0x1005
0x73c	0x1423
0x12f2	0x12f2
0x751	0x76d
0x751	0x79e
0x751	0xffe
0x751	0x751
0x751	0x78e
0x751	0x793
0x751	0x7da
0x751	0x1327
0x751	0x7e7
0x751	0xff1
0x751	0x1005
0x751	0x1423
0xfd5	0x76d
0xfd5	0x79e
0xfd5	0xffe
0xfd5	0x751
0xfd5	0xfd5
0xfd5	0x78e
0xfd5	0x793
0xfd5	0x7da
0xfd5	0x1327
0xfd5	0x7e7
0xfd5	0xff1
0xfd5	0xfe7
0xfd5	0x1005
0xfd5	0x1423
0x78e	0x78e
0x793	0x79e
0x793	0xffe
0x793	0x793
0x793	0x7da
0x793	0x1327
0x793	0x7e7
0x793	0xff1
0x793	0x1005
0x793	0x1423
0x7da	0xffe
0x7da	0x7da
0x7da	0x7e7
0x7da	0xff1
0x7da	0x1005
0x7da	0x1423
0x1327	0x1327
0x7e7	0x7e7
0xff1	0xffe
0xff1	0x7e7
0xff1	0xff1
0xff1	0x1005
0xff1	0x1423
0x6fb	0x705
0x6fb	0x712
0x6fb	0x735
0x6fb	0x76d
0x6fb	0x79e
0x6fb	0x83e
0x6fb	0x8de
0x6fb	0x8ed
0x6fb	0x91e
0x6fb	0x94c
0x6fb	0xffe
0x6fb	0x101a
0x6fb	0x117
0x6fb	0x14dd
0x6fb	0x3d9
0x6fb	0x7ef
0x6fb	0x719
0x6fb	0x12bd
0x6fb	0x73c
0x6fb	0x12f2
0x6fb	0x751
0x6fb	0xfd5
0x6fb	0x78e
0x6fb	0x793
0x6fb	0x7da
0x6fb	0x1327
0x6fb	0x7e7
0x6fb	0xff1
0x6fb	0x6fb
0x6fb	0x82a
0x6fb	0x847
0x6fb	0x86b
0x6fb	0x100c
0x6fb	0x87a
0x6fb	0x884
0x6fb	0x8aa
0x6fb	0x8c8
0x6fb	0x8e2
0x6fb	0x8f6
0x6fb	0x927
0x6fb	0x955
0x6fb	0xfe7
0x6fb	0x1005
0x6fb	0x1423
0x6fb	0x101e
0x82a	0x83e
0x82a	0x8de
0x82a	0x8ed
0x82a	0x91e
0x82a	0x94c
0x82a	0x101a
0x82a	0x117
0x82a	0x14dd
0x82a	0x3d9
0x82a	0x82a
0x82a	0x847
0x82a	0x86b
0x82a	0x100c
0x82a	0x87a
0x82a	0x884
0x82a	0x8aa
0x82a	0x8c8
0x82a	0x8e2
0x82a	0x8f6
0x82a	0x927
0x82a	0x955
0x82a	0x101e
0x960	0x960
0x847	0x8de
0x847	0x8ed
0x847	0x91e
0x847	0x94c
0x847	0x101a
0x847	0x117
0x847	0x14dd
0x847	0x3d9
0x847	0x847
0x847	0x86b
0x847	0x100c
0x847	0x87a
0x847	0x884
0x847	0x8aa
0x847	0x8c8
0x847	0x8e2
0x847	0x8f6
0x847	0x927
0x847	0x955
0x847	0x101e
0x86b	0x8de
0x86b	0x8ed
0x86b	0x91e
0x86b	0x94c
0x86b	0x117
0x86b	0x14dd
0x86b	0x3d9
0x86b	0x86b
0x86b	0x87a
0x86b	0x884
0x86b	0x8aa
0x86b	0x8c8
0x86b	0x8e2
0x86b	0x8f6
0x86b	0x927
0x86b	0x955
0x100c	0x8de
0x100c	0x8ed
0x100c	0x91e
0x100c	0x94c
0x100c	0x101a
0x100c	0x117
0x100c	0x14dd
0x100c	0x3d9
0x100c	0x86b
0x100c	0x100c
0x100c	0x87a
0x100c	0x884
0x100c	0x8aa
0x100c	0x8c8
0x100c	0x8e2
0x100c	0x8f6
0x100c	0x927
0x100c	0x955
0x100c	0x101e
0x87a	0x8de
0x87a	0x8ed
0x87a	0x91e
0x87a	0x94c
0x87a	0x117
0x87a	0x14dd
0x87a	0x3d9
0x87a	0x87a
0x87a	0x884
0x87a	0x8aa
0x87a	0x8c8
0x87a	0x8e2
0x87a	0x8f6
0x87a	0x927
0x87a	0x955
0x1025	0x1030
0x1025	0x1025
0x1025	0x1037
0x1025	0x1458
0x884	0x8de
0x884	0x8ed
0x884	0x91e
0x884	0x94c
0x884	0x117
0x884	0x14dd
0x884	0x3d9
0x884	0x884
0x884	0x8aa
0x884	0x8c8
0x884	0x8e2
0x884	0x8f6
0x884	0x927
0x884	0x955
0x8aa	0x8de
0x8aa	0x8ed
0x8aa	0x91e
0x8aa	0x94c
0x8aa	0x117
0x8aa	0x14dd
0x8aa	0x3d9
0x8aa	0x8aa
0x8aa	0x8c8
0x8aa	0x8e2
0x8aa	0x8f6
0x8aa	0x927
0x8aa	0x955
0x8c8	0x8de
0x8c8	0x8ed
0x8c8	0x91e
0x8c8	0x94c
0x8c8	0x117
0x8c8	0x14dd
0x8c8	0x3d9
0x8c8	0x8c8
0x8c8	0x8e2
0x8c8	0x8f6
0x8c8	0x927
0x8c8	0x955
0x8e2	0x8ed
0x8e2	0x91e
0x8e2	0x94c
0x8e2	0x117
0x8e2	0x14dd
0x8e2	0x3d9
0x8e2	0x8e2
0x8e2	0x8f6
0x8e2	0x927
0x8e2	0x955
0x8f6	0x91e
0x8f6	0x94c
0x8f6	0x117
0x8f6	0x14dd
0x8f6	0x3d9
0x8f6	0x8f6
0x8f6	0x927
0x8f6	0x955
0x927	0x94c
0x927	0x117
0x927	0x14dd
0x927	0x3d9
0x927	0x927
0x927	0x955
0x955	0x117
0x955	0x14dd
0x955	0x3d9
0x955	0x955
0x989	0x989
0x99e	0x9b1
0x99e	0x9c9
0x99e	0x99e
0x99e	0x9b5
0x99e	0x152b
0x9b5	0x9c9
0x9b5	0x9b5
0x9b5	0x152b
0x152b	0x152b
0x9ea	0xa13
0x9ea	0x9ea
0x9ea	0x9f5
0x9ea	0xa17
0x9ea	0xa23
0x9f5	0xa13
0x9f5	0x9f5
0x9f5	0xa17
0x9f5	0xa23
0x974	0x985
0x974	0x989
0x974	0x974
0xa17	0xa17
0xa17	0xa23
0xa23	0xa23
0x98c	0x99a
0x98c	0x9b1
0x98c	0x9c9
0x98c	0x99e
0x98c	0x9b5
0x98c	0x152b
0x98c	0x98c
0xa4a	0xa53
0xa4a	0xa4a
0xa4a	0xa59
0xa32	0xa53
0xa32	0xa4a
0xa32	0xa32
0xa32	0xa59
0xa32	0xa3b
0xa59	0xa59
0xa77	0xa77
0xa2f	0xa53
0xa2f	0xa4a
0xa2f	0xa32
0xa2f	0xa59
0xa2f	0xa2f
0xa2f	0xa3b
0x1551	0x1551
0xa5f	0xa77
0xa5f	0xa5f
0xab0	0xac3
0xab0	0xade
0xab0	0xab0
0xab0	0xac7
0xab0	0x1577
0xac7	0xade
0xac7	0xac7
0xac7	0x1577
0x1577	0x1577
0xb00	0xb13
0xb00	0xb38
0xb00	0xb5d
0xb00	0xb94
0xb00	0xb00
0xb00	0xb17
0xb00	0xb23
0xb00	0xb3c
0xb00	0xb48
0xb00	0xb61
0xb00	0xb6d
0xb00	0xb82
0xb00	0xb98
0xb00	0xba5
0xb17	0xb38
0xb17	0xb5d
0xb17	0xb94
0xb17	0xb17
0xb17	0xb23
0xb17	0xb3c
0xb17	0xb48
0xb17	0xb61
0xb17	0xb6d
0xb17	0xb82
0xb17	0xb98
0xb17	0xba5
0xb23	0xb38
0xb23	0xb5d
0xb23	0xb94
0xb23	0xb23
0xb23	0xb3c
0xb23	0xb48
0xb23	0xb61
0xb23	0xb6d
0xb23	0xb82
0xb23	0xb98
0xb23	0xba5
0xa9e	0xaac
0xa9e	0xac3
0xa9e	0xade
0xa9e	0xab0
0xa9e	0xac7
0xa9e	0x1577
0xa9e	0xa9e
0xb3c	0xb5d
0xb3c	0xb94
0xb3c	0xb3c
0xb3c	0xb48
0xb3c	0xb61
0xb3c	0xb6d
0xb3c	0xb82
0xb3c	0xb98
0xb3c	0xba5
0xb48	0xb5d
0xb48	0xb94
0xb48	0xb48
0xb48	0xb61
0xb48	0xb6d
0xb48	0xb82
0xb48	0xb98
0xb48	0xba5
0xb61	0xb94
0xb61	0xb61
0xb61	0xb6d
0xb61	0xb82
0xb61	0xb98
0xb61	0xba5
0xb6d	0xb94
0xb6d	0xb6d
0xb6d	0xb82
0xb6d	0xb98
0xb6d	0xba5
0xb82	0xb94
0xb82	0xb82
0xb82	0xb98
0xb82	0xba5
0xb98	0xb98
0xb98	0xba5
0xba5	0xba5
0xbfa	0xbfa
0x134f	0x134f
0xc1b	0xc1b
0x1384	0x1384
0xc3c	0xc55
0xc3c	0xc66
0xc3c	0xc8e
0xc3c	0x17b
0xc3c	0x176
0xc3c	0xc3c
0xc3c	0xc59
0xc3c	0xc6a
0xc3c	0xc7d
0xc3c	0x159d
0xc3c	0xc92
0xc59	0xc66
0xc59	0xc8e
0xc59	0x17b
0xc59	0x176
0xc59	0xc59
0xc59	0xc6a
0xc59	0xc7d
0xc59	0x159d
0xc59	0xc92
0xc6a	0xc8e
0xc6a	0x17b
0xc6a	0x176
0xc6a	0xc6a
0xc6a	0xc7d
0xc6a	0x159d
0xc6a	0xc92
0xc7d	0xc8e
0xc7d	0x17b
0xc7d	0x176
0xc7d	0xc7d
0xc7d	0xc92
0x159d	0xc8e
0x159d	0x17b
0x159d	0x176
0x159d	0xc7d
0x159d	0x159d
0x159d	0xc92
0xc02	0xc14
0xc02	0xc1b
0xc02	0x1384
0xc02	0xc02
0xc92	0x17b
0xc92	0x176
0xc92	0xc92
0xd08	0xd08
0xcec	0xd08
0xcec	0xcec
0xcec	0xcf5
0xd62	0xd62
0xd62	0xd76
0xd62	0xd8d
0xd62	0xdb0
0xd62	0xdc3
0xd44	0xd62
0xd44	0xd44
0xd44	0xd76
0xd44	0xd8d
0xd44	0xdb0
0xd44	0xdc3
0xd44	0xd4d
0xd76	0xd76
0xd76	0xd8d
0xd76	0xdb0
0xd76	0xdc3
0xcd8	0xd08
0xcd8	0xcec
0xcd8	0xcd8
0xcd8	0xcf5
0xd8d	0xd8d
0xd8d	0xdb0
0xd8d	0xdc3
0xdb0	0xdb0
0xdb0	0xdc3
0xdc3	0xdc3
0xdf8	0xdf8
0x13b9	0x13b9
0xe16	0xe16
0x13ee	0x13ee
0xe31	0xe5c
0xe31	0xe7e
0xe31	0xe90
0xe31	0xeb7
0xe31	0xe31
0xe31	0xe41
0xe31	0x15c1
0xe31	0xe60
0xe31	0xedb
0xe31	0xe83
0xe31	0xe95
0xe31	0xea7
0xe31	0x15e5
0xe31	0xebc
0xe31	0xecb
0xe31	0xe64
0xe31	0xe6d
0xe41	0xe5c
0xe41	0xe7e
0xe41	0xe90
0xe41	0xeb7
0xe41	0xe41
0xe41	0xe60
0xe41	0xedb
0xe41	0xe83
0xe41	0xe95
0xe41	0xea7
0xe41	0x15e5
0xe41	0xebc
0xe41	0xecb
0xe41	0xe64
0xe41	0xe6d
0x15c1	0xe5c
0x15c1	0xe7e
0x15c1	0xe90
0x15c1	0xeb7
0x15c1	0xe41
0x15c1	0x15c1
0x15c1	0xe60
0x15c1	0xedb
0x15c1	0xe83
0x15c1	0xe95
0x15c1	0xea7
0x15c1	0x15e5
0x15c1	0xebc
0x15c1	0xecb
0x15c1	0xe64
0x15c1	0xe6d
0xdfd	0xe0f
0xdfd	0xe16
0xdfd	0x13ee
0xdfd	0xdfd
0xe60	0xe7e
0xe60	0xe90
0xe60	0xeb7
0xe60	0xe60
0xe60	0xedb
0xe60	0xe83
0xe60	0xe95
0xe60	0xea7
0xe60	0x15e5
0xe60	0xebc
0xe60	0xecb
0xe60	0xe64
0xe60	0xe6d
0xedb	0xedb
0xe83	0xe90
0xe83	0xeb7
0xe83	0xe83
0xe83	0xe95
0xe83	0xea7
0xe83	0x15e5
0xe83	0xebc
0xe83	0xecb
0xe95	0xeb7
0xe95	0xe95
0xe95	0xea7
0xe95	0x15e5
0xe95	0xebc
0xe95	0xecb
0xea7	0xeb7
0xea7	0xea7
0xea7	0xebc
0xea7	0xecb
0x15e5	0xeb7
0x15e5	0xea7
0x15e5	0x15e5
0x15e5	0xebc
0x15e5	0xecb
0xebc	0xebc
0xebc	0xecb
0xecb	0xecb
0xe64	0xe7e
0xe64	0xe90
0xe64	0xeb7
0xe64	0xedb
0xe64	0xe83
0xe64	0xe95
0xe64	0xea7
0xe64	0x15e5
0xe64	0xebc
0xe64	0xecb
0xe64	0xe64
0xe64	0xe6d
0xefb	0xf16
0xefb	0xf2a
0xefb	0xf57
0xefb	0xf97
0xefb	0xefb
0xefb	0xf1a
0xefb	0xf2e
0xefb	0xf3c
0xefb	0x1609
0xefb	0xf5b
0xefb	0xf82
0xefb	0xf73
0xefb	0xf60
0xefb	0xf9b
0xefb	0xfa9
0xefb	0xf69
0xf1a	0xf2a
0xf1a	0xf57
0xf1a	0xf97
0xf1a	0xf1a
0xf1a	0xf2e
0xf1a	0xf3c
0xf1a	0x1609
0xf1a	0xf5b
0xf1a	0xf82
0xf1a	0xf73
0xf1a	0xf60
0xf1a	0xf9b
0xf1a	0xfa9
0xf1a	0xf69
0xf2e	0xf57
0xf2e	0xf97
0xf2e	0xf2e
0xf2e	0xf3c
0xf2e	0x1609
0xf2e	0xf5b
0xf2e	0xf82
0xf2e	0xf73
0xf2e	0xf60
0xf2e	0xf9b
0xf2e	0xfa9
0xf2e	0xf69
0xf3c	0xf57
0xf3c	0xf97
0xf3c	0xf3c
0xf3c	0xf5b
0xf3c	0xf82
0xf3c	0xf73
0xf3c	0xf60
0xf3c	0xf9b
0xf3c	0xfa9
0xf3c	0xf69
0x1609	0xf57
0x1609	0xf97
0x1609	0xf3c
0x1609	0x1609
0x1609	0xf5b
0x1609	0xf82
0x1609	0xf73
0x1609	0xf60
0x1609	0xf9b
0x1609	0xfa9
0x1609	0xf69
0xf5b	0xf97
0xf5b	0xf5b
0xf5b	0xf82
0xf5b	0xf73
0xf5b	0xf60
0xf5b	0xf9b
0xf5b	0xfa9
0xf5b	0xf69
0xf82	0xf97
0xf82	0xf82
0xf82	0xf9b
0xf82	0xfa9
0xf73	0xf73
0xf60	0xf97
0xf60	0xf82
0xf60	0xf73
0xf60	0xf60
0xf60	0xf9b
0xf60	0xfa9
0xf60	0xf69
0xf9b	0xf9b
0xf9b	0xfa9
0xfa9	0xfa9
0xe20	0xe2d
0xe20	0xe5c
0xe20	0xe7e
0xe20	0xe90
0xe20	0xeb7
0xe20	0xe31
0xe20	0xe41
0xe20	0x15c1
0xe20	0xe60
0xe20	0xedb
0xe20	0xe83
0xe20	0xe95
0xe20	0xea7
0xe20	0x15e5
0xe20	0xebc
0xe20	0xecb
0xe20	0xe64
0xe20	0xe20
0xe20	0xe6d
0xfc5	0xfd1
0xfc5	0xfc5
0xfc5	0x162d
0x162d	0x162d
0xfe7	0x76d
0xfe7	0x79e
0xfe7	0xffe
0xfe7	0x751
0xfe7	0x78e
0xfe7	0x793
0xfe7	0x7da
0xfe7	0x1327
0xfe7	0x7e7
0xfe7	0xff1
0xfe7	0xfe7
0xfe7	0x1005
0xfe7	0x1423
0x1005	0x7e7
0x1005	0x1005
0x1423	0x1423
0x101e	0x8de
0x101e	0x8ed
0x101e	0x91e
0x101e	0x94c
0x101e	0x117
0x101e	0x14dd
0x101e	0x3d9
0x101e	0x86b
0x101e	0x87a
0x101e	0x884
0x101e	0x8aa
0x101e	0x8c8
0x101e	0x8e2
0x101e	0x8f6
0x101e	0x927
0x101e	0x955
0x101e	0x101e
0x1037	0x1037
0x1458	0x1458
0xbd2	0xbf3
0xbd2	0xbfa
0xbd2	0x134f
0xbd2	0xbd2
0x1643	0x1643
0x1646	0x1646
0x1649	0x1649
0x164c	0x164c
0x164f	0x164f
0x1652	0x1652
0x1642	0x1642
0x65	0x6d
0x65	0x71
0x65	0x65
0x65	0x8d0x65
0x65	0x148d0x65
0xa3	0xab
0xa3	0xaf
0xa3	0xa3
0xa3	0x8d0xa3
0xa3	0x148d0xa3
0xd7	0xea
0xd7	0xe5
0xd7	0x14b5
0xd7	0xd7
0xf7	0xff
0xf7	0x2af
0xf7	0x2fb
0xf7	0x346
0xf7	0x360
0xf7	0x38d
0xf7	0x588
0xf7	0x5fd
0xf7	0x673
0xf7	0x6ca
0xf7	0x705
0xf7	0x712
0xf7	0x735
0xf7	0x76d
0xf7	0x79e
0xf7	0x83e
0xf7	0x8de
0xf7	0x8ed
0xf7	0x91e
0xf7	0x94c
0xf7	0xffe
0xf7	0x101a
0xf7	0x103
0xf7	0x117
0xf7	0x112
0xf7	0x27c
0xf7	0x14dd
0xf7	0x2ea
0xf7	0x10aa
0xf7	0x335
0xf7	0x10d2
0xf7	0x37c
0xf7	0x34d
0xf7	0x10fa
0xf7	0x367
0xf7	0x112f
0xf7	0x570
0xf7	0x3d9
0xf7	0x394
0xf7	0x1164
0xf7	0x5d4
0xf7	0x57d
0xf7	0x1505
0xf7	0x1238
0xf7	0x5ed
0xf7	0x644
0xf7	0x1260
0xf7	0x67a
0xf7	0x1288
0xf7	0x6b4
0xf7	0x6d3
0xf7	0x6f7
0xf7	0x7ef
0xf7	0x719
0xf7	0x12bd
0xf7	0x73c
0xf7	0x12f2
0xf7	0x751
0xf7	0xfd5
0xf7	0x78e
0xf7	0x793
0xf7	0x7da
0xf7	0x1327
0xf7	0x7e7
0xf7	0xff1
0xf7	0x6fb
0xf7	0x82a
0xf7	0x847
0xf7	0x86b
0xf7	0x100c
0xf7	0x87a
0xf7	0x884
0xf7	0x8aa
0xf7	0x8c8
0xf7	0x8e2
0xf7	0x8f6
0xf7	0x927
0xf7	0x955
0xf7	0xfe7
0xf7	0x1005
0xf7	0x1423
0xf7	0x101e
0xf7	0xf7
0x127	0x12f
0x127	0x133
0x127	0x127
0x127	0x8d0x127
0x127	0x148d0x127
0x15b	0x163
0x15b	0xc38
0x15b	0xc55
0x15b	0xc66
0x15b	0xc8e
0x15b	0x167
0x15b	0x17b
0x15b	0x176
0x15b	0xc29
0x15b	0xc3c
0x15b	0xc59
0x15b	0xc6a
0x15b	0xc7d
0x15b	0x159d
0x15b	0xc92
0x15b	0x15b
0x1e	0x3f
0x1e	0x55
0x1e	0x1646
0x1e	0x1649
0x1e	0x164c
0x1e	0x164f
0x1e	0x1652
0x1e	0x1e
0x1e	0x29
0x1e	0x34
0x1e	0x4a
0x29	0x3f
0x29	0x55
0x29	0x1649
0x29	0x164c
0x29	0x164f
0x29	0x1652
0x29	0x29
0x29	0x34
0x29	0x4a
0x34	0x3f
0x34	0x55
0x34	0x164c
0x34	0x164f
0x34	0x1652
0x34	0x34
0x34	0x4a
0x4a	0x55
0x4a	0x1652
0x4a	0x4a
0x1c3	0x1c3
0xa3b	0xa3b
0xcf5	0xcf5
0xd4d	0xd4d
0xe6d	0xe7e
0xe6d	0xe90
0xe6d	0xeb7
0xe6d	0xe83
0xe6d	0xe95
0xe6d	0xea7
0xe6d	0x15e5
0xe6d	0xebc
0xe6d	0xecb
0xe6d	0xe6d
0xf69	0xf73
0xf69	0xf69
0x8d0x65	0x8d0x65
0x8d0x65	0x148d0x65
0x8d0xa3	0x8d0xa3
0x8d0xa3	0x148d0xa3
0x8d0x127	0x8d0x127
0x8d0x127	0x148d0x127
0x148d0x65	0x148d0x65
0x148d0xa3	0x148d0xa3
0x148d0x127	0x148d0x127
