0x2af	CONSTANT_0x7d2768de32b0b80b7a3454c06bdac94a69ddc7a9
0x2fb	CONSTANT_0x7d2768de32b0b80b7a3454c06bdac94a69ddc7a9
0x346	CONSTANT_0x7d2768de32b0b80b7a3454c06bdac94a69ddc7a9
0x360	CONSTANT_0x7d2768de32b0b80b7a3454c06bdac94a69ddc7a9
0x38d	CONSTANT_0x7d2768de32b0b80b7a3454c06bdac94a69ddc7a9
0x588	CONSTANT_0x7d2768de32b0b80b7a3454c06bdac94a69ddc7a9
0x5fd	CONSTANT_0x7d2768de32b0b80b7a3454c06bdac94a69ddc7a9
0x673	CONSTANT_0x7d2768de32b0b80b7a3454c06bdac94a69ddc7a9
0x6ca	CONSTANT_0x7d2768de32b0b80b7a3454c06bdac94a69ddc7a9
0x705	CONSTANT_0x7d2768de32b0b80b7a3454c06bdac94a69ddc7a9
0x712	CONSTANT_0x7d2768de32b0b80b7a3454c06bdac94a69ddc7a9
0x735	CONSTANT_0x7d2768de32b0b80b7a3454c06bdac94a69ddc7a9
0x76d	CONSTANT_0x7d2768de32b0b80b7a3454c06bdac94a69ddc7a9
0x79e	CONSTANT_0x7d2768de32b0b80b7a3454c06bdac94a69ddc7a9
0x83e	CONSTANT_0x7d2768de32b0b80b7a3454c06bdac94a69ddc7a9
0x8de	CONSTANT_0x7d2768de32b0b80b7a3454c06bdac94a69ddc7a9
0x8ed	CONSTANT_0x7d2768de32b0b80b7a3454c06bdac94a69ddc7a9
0x91e	CONSTANT_0x7d2768de32b0b80b7a3454c06bdac94a69ddc7a9
0x94c	CONSTANT_0x7d2768de32b0b80b7a3454c06bdac94a69ddc7a9
0xffe	CONSTANT_0x7d2768de32b0b80b7a3454c06bdac94a69ddc7a9
0x101a	CONSTANT_0x7d2768de32b0b80b7a3454c06bdac94a69ddc7a9
0x117	CONSTANT_0x7d2768de32b0b80b7a3454c06bdac94a69ddc7a9
0x14dd	CONSTANT_0x7d2768de32b0b80b7a3454c06bdac94a69ddc7a9
0x2ea	CONSTANT_0x7d2768de32b0b80b7a3454c06bdac94a69ddc7a9
0x10aa	CONSTANT_0x7d2768de32b0b80b7a3454c06bdac94a69ddc7a9
0x335	CONSTANT_0x7d2768de32b0b80b7a3454c06bdac94a69ddc7a9
0x10d2	CONSTANT_0x7d2768de32b0b80b7a3454c06bdac94a69ddc7a9
0x37c	CONSTANT_0x7d2768de32b0b80b7a3454c06bdac94a69ddc7a9
0x34d	CONSTANT_0x7d2768de32b0b80b7a3454c06bdac94a69ddc7a9
0x10fa	CONSTANT_0x7d2768de32b0b80b7a3454c06bdac94a69ddc7a9
0x367	CONSTANT_0x7d2768de32b0b80b7a3454c06bdac94a69ddc7a9
0x112f	CONSTANT_0x7d2768de32b0b80b7a3454c06bdac94a69ddc7a9
0x570	CONSTANT_0x7d2768de32b0b80b7a3454c06bdac94a69ddc7a9
0x3d9	CONSTANT_0x7d2768de32b0b80b7a3454c06bdac94a69ddc7a9
0x394	CONSTANT_0x7d2768de32b0b80b7a3454c06bdac94a69ddc7a9
0x1164	CONSTANT_0x7d2768de32b0b80b7a3454c06bdac94a69ddc7a9
0x5d4	CONSTANT_0x7d2768de32b0b80b7a3454c06bdac94a69ddc7a9
0x57d	CONSTANT_0x7d2768de32b0b80b7a3454c06bdac94a69ddc7a9
0x1505	CONSTANT_0x7d2768de32b0b80b7a3454c06bdac94a69ddc7a9
0x1238	CONSTANT_0x7d2768de32b0b80b7a3454c06bdac94a69ddc7a9
0x5ed	CONSTANT_0x7d2768de32b0b80b7a3454c06bdac94a69ddc7a9
0x644	CONSTANT_0x7d2768de32b0b80b7a3454c06bdac94a69ddc7a9
0x1260	CONSTANT_0x7d2768de32b0b80b7a3454c06bdac94a69ddc7a9
0x67a	CONSTANT_0x7d2768de32b0b80b7a3454c06bdac94a69ddc7a9
0x1288	CONSTANT_0x7d2768de32b0b80b7a3454c06bdac94a69ddc7a9
0x6b4	CONSTANT_0x7d2768de32b0b80b7a3454c06bdac94a69ddc7a9
0x6d3	CONSTANT_0x7d2768de32b0b80b7a3454c06bdac94a69ddc7a9
0x6f7	CONSTANT_0x7d2768de32b0b80b7a3454c06bdac94a69ddc7a9
0x7ef	CONSTANT_0x7d2768de32b0b80b7a3454c06bdac94a69ddc7a9
0x719	CONSTANT_0x7d2768de32b0b80b7a3454c06bdac94a69ddc7a9
0x12bd	CONSTANT_0x7d2768de32b0b80b7a3454c06bdac94a69ddc7a9
0x73c	CONSTANT_0x7d2768de32b0b80b7a3454c06bdac94a69ddc7a9
0x12f2	CONSTANT_0x7d2768de32b0b80b7a3454c06bdac94a69ddc7a9
0x751	CONSTANT_0x7d2768de32b0b80b7a3454c06bdac94a69ddc7a9
0xfd5	CONSTANT_0x7d2768de32b0b80b7a3454c06bdac94a69ddc7a9
0x78e	CONSTANT_0x7d2768de32b0b80b7a3454c06bdac94a69ddc7a9
0x793	CONSTANT_0x7d2768de32b0b80b7a3454c06bdac94a69ddc7a9
0x7da	CONSTANT_0x7d2768de32b0b80b7a3454c06bdac94a69ddc7a9
0x1327	CONSTANT_0x7d2768de32b0b80b7a3454c06bdac94a69ddc7a9
0x7e7	CONSTANT_0x7d2768de32b0b80b7a3454c06bdac94a69ddc7a9
0xff1	CONSTANT_0x7d2768de32b0b80b7a3454c06bdac94a69ddc7a9
0x6fb	CONSTANT_0x7d2768de32b0b80b7a3454c06bdac94a69ddc7a9
0x82a	CONSTANT_0x7d2768de32b0b80b7a3454c06bdac94a69ddc7a9
0x847	CONSTANT_0x7d2768de32b0b80b7a3454c06bdac94a69ddc7a9
0x86b	CONSTANT_0x7d2768de32b0b80b7a3454c06bdac94a69ddc7a9
0x100c	CONSTANT_0x7d2768de32b0b80b7a3454c06bdac94a69ddc7a9
0x87a	CONSTANT_0x7d2768de32b0b80b7a3454c06bdac94a69ddc7a9
0x884	CONSTANT_0x7d2768de32b0b80b7a3454c06bdac94a69ddc7a9
0x8aa	CONSTANT_0x7d2768de32b0b80b7a3454c06bdac94a69ddc7a9
0x8c8	CONSTANT_0x7d2768de32b0b80b7a3454c06bdac94a69ddc7a9
0x8e2	CONSTANT_0x7d2768de32b0b80b7a3454c06bdac94a69ddc7a9
0x8f6	CONSTANT_0x7d2768de32b0b80b7a3454c06bdac94a69ddc7a9
0x927	CONSTANT_0x7d2768de32b0b80b7a3454c06bdac94a69ddc7a9
0x955	CONSTANT_0x7d2768de32b0b80b7a3454c06bdac94a69ddc7a9
0xfe7	CONSTANT_0x7d2768de32b0b80b7a3454c06bdac94a69ddc7a9
0x1005	CONSTANT_0x7d2768de32b0b80b7a3454c06bdac94a69ddc7a9
0x1423	CONSTANT_0x7d2768de32b0b80b7a3454c06bdac94a69ddc7a9
0x101e	CONSTANT_0x7d2768de32b0b80b7a3454c06bdac94a69ddc7a9
