0x0	0x80
0x2	0x40
0x5	0x4
0x9	0x59
0xd	0x0
0x10	0xe0
0x14	0x40141e5
0x1f	0x542975c
0x2a	0x6dbf2fa0
0x35	0x920f5c84
0x40	0xb4dcfc77
0x4b	0xe04b9d3a
0x55	0x0
0x5b	0x60
0x61	0x0
0x69	0x71
0x6d	0x0
0x73	0x8d
0x76	0xc02aaa39b223fe8d0a0e5c4f27ead9083c756cc2
0xa7	0xaf
0xab	0x0
0xb1	0x8d
0xb4	0xb53c1a33016b2dc2ff3653530bff1848a515c8c5
0xd8	0xea
0xdb	0xe5
0xdf	0x4
0xe1	0x9d4
0xe6	0x17d
0xeb	0x40
0xee	0x14b5
0xf3	0xa8b
0xfb	0x103
0xff	0x0
0x105	0x117
0x108	0x112
0x10c	0x4
0x10e	0xae2
0x113	0x27c
0x118	0x40
0x120	0x20
0x123	0x14dd
0x12b	0x133
0x12f	0x0
0x135	0x8d
0x138	0x7d2768de32b0b80b7a3454c06bdac94a69ddc7a9
0x15f	0x167
0x163	0x0
0x169	0x17b
0x16c	0x176
0x170	0x4
0x172	0xc29
0x177	0x3ea
0x17e	0x60
0x180	0x1
0x182	0x1
0x184	0xa0
0x186	0x10000000000000000000000000000000000000000
0x187	0xffffffffffffffffffffffffffffffffffffffff
0x18a	0x1cc
0x18e	0x40
0x191	0x461bcd
0x195	0xe5
0x197	0x8c379a000000000000000000000000000000000000000000000000000000000
0x19a	0x20
0x19c	0x4
0x1a1	0xf
0x1a3	0x24
0x1a8	0xc1e081859191c995cdcc818d85b1b
0x1b8	0x8a
0x1ba	0x307820616464726573732063616c6c0000000000000000000000000000000000
0x1bb	0x44
0x1c0	0x64
0x1c4	0x40
0x1cd	0x0
0x1d1	0x1
0x1d3	0x1
0x1d5	0xa0
0x1d7	0x10000000000000000000000000000000000000000
0x1d8	0xffffffffffffffffffffffffffffffffffffffff
0x1dd	0x40
0x1e0	0x1ea
0x1e6	0xcb2
0x1eb	0x0
0x1ed	0x40
0x1fe	0x0
0x202	0x227
0x206	0x40
0x20b	0x1f
0x20d	0xffffffffffffffffffffffffffffffffffffffffffffffffffffffffffffffe0
0x20e	0x3f
0x215	0x40
0x21c	0x0
0x21e	0x20
0x223	0x22c
0x228	0x60
0x233	0x272
0x237	0x40
0x23a	0x461bcd
0x23e	0xe5
0x240	0x8c379a000000000000000000000000000000000000000000000000000000000
0x243	0x20
0x245	0x4
0x24a	0x11
0x24c	0x24
0x251	0x155b9cdd58d8d95cdcd99d5b0818d85b1b
0x263	0x7a
0x265	0x556e7375636365737366756c2063616c6c000000000000000000000000000000
0x266	0x44
0x26b	0x64
0x26e	0x1082
0x27d	0x0
0x280	0x1
0x282	0x1
0x284	0xa0
0x286	0x10000000000000000000000000000000000000000
0x287	0xffffffffffffffffffffffffffffffffffffffff
0x288	0x7d2768de32b0b80b7a3454c06bdac94a69ddc7a9
0x2a9	0x7d2768de32b0b80b7a3454c06bdac94a69ddc7a9
0x2ab	0x2ea
0x2af	0x40
0x2b2	0x461bcd
0x2b6	0xe5
0x2b8	0x8c379a000000000000000000000000000000000000000000000000000000000
0x2bb	0x20
0x2bd	0x4
0x2c2	0x11
0x2c4	0x24
0x2c9	0x13db9b1e4813195b991a5b99c8141bdbdb
0x2db	0x7a
0x2dd	0x4f6e6c79204c656e64696e6720506f6f6c000000000000000000000000000000
0x2de	0x44
0x2e3	0x64
0x2e6	0x10aa
0x2eb	0x1
0x2ed	0x1
0x2ef	0xa0
0x2f1	0x10000000000000000000000000000000000000000
0x2f2	0xffffffffffffffffffffffffffffffffffffffff
0x2f7	0x335
0x2fb	0x40
0x2fe	0x461bcd
0x302	0xe5
0x304	0x8c379a000000000000000000000000000000000000000000000000000000000
0x307	0x20
0x309	0x4
0x30e	0x10
0x310	0x24
0x315	0x139bdd0813195b991a5b99c8141bdbdb
0x326	0x82
0x328	0x4e6f74204c656e64696e6720506f6f6c00000000000000000000000000000000
0x329	0x44
0x32e	0x64
0x331	0x10d2
0x336	0x0
0x338	0x37c
0x33d	0x0
0x342	0x34d
0x346	0x34d
0x349	0x10fa
0x350	0x20
0x357	0x0
0x35c	0x367
0x360	0x367
0x363	0x112f
0x36a	0x20
0x36f	0x570
0x375	0xffffffff
0x37a	0x570
0x37f	0x3d9
0x384	0x0
0x389	0x394
0x38d	0x394
0x390	0x1164
0x397	0x20
0x3a0	0x1f
0x3a3	0x20
0x3a9	0x20
0x3ac	0x40
0x3b2	0x40
0x3bd	0x20
0x3c6	0x0
0x3d2	0x5d4
0x3db	0x1
0x3eb	0x40
0x3ef	0x1
0x3fc	0x0
0x400	0x20
0x410	0xc02aaa39b223fe8d0a0e5c4f27ead9083c756cc2
0x426	0x0
0x42c	0x437
0x430	0x437
0x433	0x1199
0x438	0x1
0x43a	0x1
0x43c	0xa0
0x43e	0x10000000000000000000000000000000000000000
0x43f	0xffffffffffffffffffffffffffffffffffffffff
0x444	0x20
0x451	0x40
0x455	0x1
0x460	0x0
0x464	0x20
0x467	0x20
0x46a	0x20
0x477	0x0
0x47d	0x488
0x481	0x488
0x484	0x11ce
0x489	0x20
0x494	0x40
0x498	0x1
0x4a3	0x0
0x4a7	0x20
0x4aa	0x20
0x4ad	0x20
0x4b8	0x0
0x4bb	0x0
0x4c1	0x4cc
0x4c5	0x4cc
0x4c8	0x1203
0x4cd	0x20
0x4d8	0x40
0x4db	0xab9c4b5d
0x4e0	0xe0
0x4e2	0xab9c4b5d00000000000000000000000000000000000000000000000000000000
0x4e7	0x0
0x4ea	0x1
0x4ec	0x1
0x4ee	0xa0
0x4f0	0x10000000000000000000000000000000000000000
0x4f1	0xffffffffffffffffffffffffffffffffffffffff
0x4f2	0x7d2768de32b0b80b7a3454c06bdac94a69ddc7a9
0x513	0x7d2768de32b0b80b7a3454c06bdac94a69ddc7a9
0x515	0xab9c4b5d
0x51b	0x534
0x52d	0x4
0x530	0xd13
0x535	0x0
0x537	0x40
0x53e	0x0
0x546	0x54e
0x54a	0x0
0x555	0x562
0x55a	0x0
0x55f	0x0
0x571	0x0
0x574	0x57d
0x579	0xde5
0x584	0x1505
0x588	0x40
0x58b	0x461bcd
0x58f	0xe5
0x591	0x8c379a000000000000000000000000000000000000000000000000000000000
0x594	0x20
0x596	0x4
0x59b	0x1b
0x59d	0x24
0x5a2	0x536166654d6174683a206164646974696f6e206f766572666c6f77
0x5be	0x28
0x5c0	0x536166654d6174683a206164646974696f6e206f766572666c6f770000000000
0x5c1	0x44
0x5c6	0x64
0x5c9	0x1238
0x5d5	0x0
0x5d8	0x0
0x5dc	0x20
0x5e4	0x5ed
0x5e9	0xee6
0x5f9	0x644
0x5fd	0x40
0x600	0x461bcd
0x604	0xe5
0x606	0x8c379a000000000000000000000000000000000000000000000000000000000
0x609	0x20
0x60b	0x4
0x612	0x24
0x617	0x5461726765747320616e64207061796c6f6164732064697363726570616e6379
0x638	0x44
0x63d	0x64
0x640	0x1260
0x645	0xc02aaa39b223fe8d0a0e5c4f27ead9083c756cc2
0x65a	0x1
0x65c	0x1
0x65e	0xa0
0x660	0x10000000000000000000000000000000000000000
0x661	0xffffffffffffffffffffffffffffffffffffffff
0x662	0xc02aaa39b223fe8d0a0e5c4f27ead9083c756cc2
0x663	0xa9059cbb
0x669	0x0
0x66f	0x67a
0x673	0x67a
0x676	0x1288
0x67b	0x20
0x67e	0x20
0x684	0x40
0x688	0xffffffff
0x68e	0xe0
0x693	0x4
0x696	0x6b4
0x69c	0x1
0x69e	0x1
0x6a0	0xa0
0x6a2	0x10000000000000000000000000000000000000000
0x6a3	0xffffffffffffffffffffffffffffffffffffffff
0x6aa	0x20
0x6af	0x40
0x6b5	0x20
0x6b7	0x40
0x6be	0x0
0x6c6	0x6d3
0x6cb	0x0
0x6d0	0x0
0x6d8	0x40
0x6dc	0x1f
0x6de	0xffffffffffffffffffffffffffffffffffffffffffffffffffffffffffffffe0
0x6df	0x1f
0x6e7	0x40
0x6ee	0x6f7
0x6f3	0xfb3
0x6f9	0x0
0x701	0x7ef
0x705	0x0
0x70e	0x719
0x712	0x719
0x715	0x12bd
0x71a	0x20
0x71d	0x20
0x722	0x1
0x724	0x1
0x726	0xa0
0x728	0x10000000000000000000000000000000000000000
0x729	0xffffffffffffffffffffffffffffffffffffffff
0x731	0x73c
0x735	0x73c
0x738	0x12f2
0x73d	0x20
0x740	0x20
0x745	0x40
0x748	0x751
0x74d	0xfd5
0x752	0x0
0x754	0x40
0x75b	0x0
0x765	0x0
0x769	0x78e
0x76d	0x40
0x772	0x1f
0x774	0xffffffffffffffffffffffffffffffffffffffffffffffffffffffffffffffe0
0x775	0x3f
0x77c	0x40
0x783	0x0
0x785	0x20
0x78a	0x793
0x78f	0x60
0x79a	0x7da
0x79e	0x40
0x7a1	0x461bcd
0x7a5	0xe5
0x7a7	0x8c379a000000000000000000000000000000000000000000000000000000000
0x7aa	0x20
0x7ac	0x4
0x7b1	0x12
0x7b3	0x24
0x7b8	0x2330b4b632b2103a3930b739b0b1ba34b7b7
0x7cb	0x71
0x7cd	0x4661696c6564207472616e73616374696f6e0000000000000000000000000000
0x7ce	0x44
0x7d3	0x64
0x7d6	0x1327
0x7df	0x7e7
0x7e3	0xff1
0x7eb	0x6fb
0x7f1	0x40
0x7f4	0x70a08231
0x7f9	0xe0
0x7fb	0x70a0823100000000000000000000000000000000000000000000000000000000
0x7fe	0x0
0x801	0xc02aaa39b223fe8d0a0e5c4f27ead9083c756cc2
0x817	0x70a08231
0x81d	0x82a
0x823	0x4
0x826	0x960
0x82b	0x20
0x82d	0x40
0x83a	0x847
0x83f	0x0
0x844	0x0
0x84c	0x40
0x850	0x1f
0x852	0xffffffffffffffffffffffffffffffffffffffffffffffffffffffffffffffe0
0x853	0x1f
0x85b	0x40
0x862	0x86b
0x867	0x100c
0x86e	0x0
0x871	0x87a
0x876	0x1025
0x87b	0x884
0x880	0x1025
0x887	0xc02aaa39b223fe8d0a0e5c4f27ead9083c756cc2
0x89c	0x2e1a7d4d
0x8a1	0x8aa
0x8a6	0xde5
0x8ab	0x40
0x8af	0xffffffff
0x8b5	0xe0
0x8ba	0x4
0x8bd	0x8c8
0x8c3	0x20
0x8c9	0x0
0x8cb	0x40
0x8d2	0x0
0x8da	0x8e2
0x8de	0x0
0x8e9	0x8f6
0x8ee	0x0
0x8f3	0x0
0x8f9	0x40
0x901	0x8fc
0x909	0x0
0x91a	0x927
0x91f	0x0
0x924	0x0
0x929	0x40
0x930	0x8fc
0x937	0x0
0x948	0x955
0x94d	0x0
0x952	0x0
0x961	0x1
0x963	0x1
0x965	0xa0
0x967	0x10000000000000000000000000000000000000000
0x968	0xffffffffffffffffffffffffffffffffffffffff
0x96f	0x20
0x975	0x1
0x977	0x1
0x979	0xa0
0x97b	0x10000000000000000000000000000000000000000
0x97c	0xffffffffffffffffffffffffffffffffffffffff
0x981	0x989
0x985	0x0
0x98d	0x0
0x991	0x1f
0x996	0x99e
0x99a	0x0
0x9a2	0x1
0x9a4	0x1
0x9a6	0x40
0x9a8	0x10000000000000000
0x9a9	0xffffffffffffffff
0x9ad	0x9b5
0x9b1	0x0
0x9b6	0x20
0x9bd	0x20
0x9c5	0x152b
0x9c9	0x0
0x9d5	0x0
0x9d8	0x0
0x9db	0x60
0x9e2	0x9ea
0x9e6	0x0
0x9ed	0x9f5
0x9f1	0x974
0x9f8	0x20
0x9ff	0x40
0xa04	0x1
0xa06	0x1
0xa08	0x40
0xa0a	0x10000000000000000
0xa0b	0xffffffffffffffff
0xa0f	0xa17
0xa13	0x0
0xa18	0xa23
0xa1f	0x98c
0xa30	0x0
0xa37	0xa4a
0xa43	0x20
0xa46	0xa32
0xa4f	0xa59
0xa53	0x0
0xa60	0x0
0xa67	0xa77
0xa6b	0x20
0xa6f	0x20
0xa73	0xa2f
0xa78	0x1f
0xa7b	0x1f
0xa7d	0xffffffffffffffffffffffffffffffffffffffffffffffffffffffffffffffe0
0xa83	0x20
0xa8c	0x20
0xa90	0x0
0xa92	0x1551
0xa95	0x20
0xa9a	0xa5f
0xa9f	0x0
0xaa3	0x1f
0xaa8	0xab0
0xaac	0x0
0xab4	0x1
0xab6	0x1
0xab8	0x40
0xaba	0x10000000000000000
0xabb	0xffffffffffffffff
0xabf	0xac7
0xac3	0x0
0xac8	0x20
0xacf	0x20
0xad2	0x5
0xada	0x1577
0xade	0x0
0xae3	0x0
0xae6	0x0
0xae9	0x0
0xaec	0x0
0xaef	0x0
0xaf1	0xa0
0xaf8	0xb00
0xafc	0x0
0xb03	0x1
0xb05	0x1
0xb07	0x40
0xb09	0x10000000000000000
0xb0a	0xffffffffffffffff
0xb0f	0xb17
0xb13	0x0
0xb18	0xb23
0xb1f	0xa9e
0xb29	0x20
0xb34	0xb3c
0xb38	0x0
0xb3d	0xb48
0xb44	0xa9e
0xb4e	0x40
0xb59	0xb61
0xb5d	0x0
0xb62	0xb6d
0xb69	0xa9e
0xb73	0x60
0xb7a	0xb82
0xb7e	0x974
0xb86	0x80
0xb90	0xb98
0xb94	0x0
0xb9a	0xba5
0xba1	0x98c
0xbd3	0x40
0xbd6	0x1f
0xbda	0x1f
0xbdc	0xffffffffffffffffffffffffffffffffffffffffffffffffffffffffffffffe0
0xbe0	0x1
0xbe2	0x1
0xbe4	0x40
0xbe6	0x10000000000000000
0xbe7	0xffffffffffffffff
0xbef	0xbfa
0xbf3	0xbfa
0xbf6	0x134f
0xbfb	0x40
0xc03	0x0
0xc05	0x1
0xc07	0x1
0xc09	0x40
0xc0b	0x10000000000000000
0xc0c	0xffffffffffffffff
0xc10	0xc1b
0xc14	0xc1b
0xc17	0x1384
0xc1d	0x1f
0xc20	0x1f
0xc22	0xffffffffffffffffffffffffffffffffffffffffffffffffffffffffffffffe0
0xc24	0x20
0xc2a	0x0
0xc2d	0x40
0xc34	0xc3c
0xc38	0x0
0xc41	0x20
0xc46	0x1
0xc48	0x1
0xc4a	0x40
0xc4c	0x10000000000000000
0xc4d	0xffffffffffffffff
0xc51	0xc59
0xc55	0x0
0xc5c	0x1f
0xc62	0xc6a
0xc66	0x0
0xc6d	0xc7d
0xc70	0x159d
0xc74	0xc02
0xc82	0x20
0xc8a	0xc92
0xc8e	0x0
0xc94	0x20
0xc98	0x20
0xc9d	0x0
0xc9f	0x20
0xcb7	0x0
0xcd9	0x0
0xce0	0x20
0xcea	0x0
0xcf1	0xd08
0xd01	0x1
0xd04	0xcec
0xd14	0x1
0xd16	0x1
0xd18	0xa0
0xd1a	0x10000000000000000000000000000000000000000
0xd1b	0xffffffffffffffffffffffffffffffffffffffff
0xd21	0xe0
0xd23	0x20
0xd33	0x0
0xd3d	0x100
0xd49	0xd62
0xd5b	0x1
0xd5e	0xd44
0xd68	0x40
0xd6d	0xd76
0xd72	0xcd8
0xd7f	0x60
0xd84	0xd8d
0xd89	0xcd8
0xd8e	0x1
0xd90	0x1
0xd92	0xa0
0xd94	0x10000000000000000000000000000000000000000
0xd95	0xffffffffffffffffffffffffffffffffffffffff
0xd98	0x80
0xda2	0xa0
0xda7	0xdb0
0xdac	0xa5f
0xdb4	0xdc3
0xdb7	0xc0
0xdbc	0xffff
0xde6	0x0
0xded	0xdf8
0xdf1	0xdf8
0xdf4	0x13b9
0xdfe	0x0
0xe00	0x1
0xe02	0x1
0xe04	0x40
0xe06	0x10000000000000000
0xe07	0xffffffffffffffff
0xe0b	0xe16
0xe0f	0xe16
0xe12	0x13ee
0xe18	0x5
0xe1b	0x20
0xe21	0x0
0xe24	0x1f
0xe29	0xe31
0xe2d	0x0
0xe34	0x20
0xe36	0xe41
0xe39	0x15c1
0xe3d	0xdfd
0xe45	0x5
0xe58	0xe60
0xe5c	0x0
0xe69	0xedb
0xe6f	0x1
0xe71	0x1
0xe73	0x40
0xe75	0x10000000000000000
0xe76	0xffffffffffffffff
0xe7a	0xe83
0xe7e	0x0
0xe86	0x3f
0xe8c	0xe95
0xe90	0x0
0xe9a	0x40
0xe9c	0xea7
0xe9f	0x15e5
0xea3	0xc02
0xeb3	0xebc
0xeb7	0x0
0xebd	0xecb
0xec7	0xa2f
0xed7	0xe64
0xee7	0x0
0xeea	0x0
0xeec	0x60
0xef3	0xefb
0xef7	0x0
0xf00	0x20
0xf06	0x1
0xf08	0x1
0xf0a	0x40
0xf0c	0x10000000000000000
0xf0d	0xffffffffffffffff
0xf12	0xf1a
0xf16	0x0
0xf21	0x1f
0xf26	0xf2e
0xf2a	0x0
0xf31	0xf3c
0xf34	0x1609
0xf38	0xdfd
0xf40	0x5
0xf53	0xf5b
0xf57	0x0
0xf65	0xf82
0xf6b	0xf73
0xf6f	0x974
0xf7e	0xf60
0xf83	0x40
0xf93	0xf9b
0xf97	0x0
0xf9e	0xfa9
0xfa5	0xe20
0xfb4	0x0
0xfb6	0x20
0xfbd	0xfc5
0xfc1	0x0
0xfcd	0x162d
0xfd1	0x0
0xfd6	0x0
0xfda	0xfe7
0xfdf	0x20
0xfe3	0xa2f
0xff2	0x0
0xff4	0x0
0xff6	0xffffffffffffffffffffffffffffffffffffffffffffffffffffffffffffffff
0xffa	0x1005
0xffe	0x1005
0x1001	0x1423
0x1007	0x1
0x100d	0x0
0x100f	0x20
0x1016	0x101e
0x101a	0x0
0x1026	0x0
0x102c	0x1037
0x1030	0x1037
0x1033	0x1458
0x1083	0x40
0x10ab	0x40
0x10d3	0x40
0x10fb	0x4e487b71
0x1100	0xe0
0x1102	0x4e487b7100000000000000000000000000000000000000000000000000000000
0x1103	0x0
0x1106	0x32
0x1108	0x4
0x110b	0x24
0x110d	0x0
0x1130	0x4e487b71
0x1135	0xe0
0x1137	0x4e487b7100000000000000000000000000000000000000000000000000000000
0x1138	0x0
0x113b	0x32
0x113d	0x4
0x1140	0x24
0x1142	0x0
0x1165	0x4e487b71
0x116a	0xe0
0x116c	0x4e487b7100000000000000000000000000000000000000000000000000000000
0x116d	0x0
0x1170	0x32
0x1172	0x4
0x1175	0x24
0x1177	0x0
0x119a	0x4e487b71
0x119f	0xe0
0x11a1	0x4e487b7100000000000000000000000000000000000000000000000000000000
0x11a2	0x0
0x11a5	0x32
0x11a7	0x4
0x11aa	0x24
0x11ac	0x0
0x11cf	0x4e487b71
0x11d4	0xe0
0x11d6	0x4e487b7100000000000000000000000000000000000000000000000000000000
0x11d7	0x0
0x11da	0x32
0x11dc	0x4
0x11df	0x24
0x11e1	0x0
0x1204	0x4e487b71
0x1209	0xe0
0x120b	0x4e487b7100000000000000000000000000000000000000000000000000000000
0x120c	0x0
0x120f	0x32
0x1211	0x4
0x1214	0x24
0x1216	0x0
0x1239	0x40
0x1261	0x40
0x1289	0x4e487b71
0x128e	0xe0
0x1290	0x4e487b7100000000000000000000000000000000000000000000000000000000
0x1291	0x0
0x1294	0x32
0x1296	0x4
0x1299	0x24
0x129b	0x0
0x12be	0x4e487b71
0x12c3	0xe0
0x12c5	0x4e487b7100000000000000000000000000000000000000000000000000000000
0x12c6	0x0
0x12c9	0x32
0x12cb	0x4
0x12ce	0x24
0x12d0	0x0
0x12f3	0x4e487b71
0x12f8	0xe0
0x12fa	0x4e487b7100000000000000000000000000000000000000000000000000000000
0x12fb	0x0
0x12fe	0x32
0x1300	0x4
0x1303	0x24
0x1305	0x0
0x1328	0x40
0x1350	0x4e487b71
0x1355	0xe0
0x1357	0x4e487b7100000000000000000000000000000000000000000000000000000000
0x1358	0x0
0x135b	0x41
0x135d	0x4
0x1360	0x24
0x1362	0x0
0x1385	0x4e487b71
0x138a	0xe0
0x138c	0x4e487b7100000000000000000000000000000000000000000000000000000000
0x138d	0x0
0x1390	0x41
0x1392	0x4
0x1395	0x24
0x1397	0x0
0x13ba	0x4e487b71
0x13bf	0xe0
0x13c1	0x4e487b7100000000000000000000000000000000000000000000000000000000
0x13c2	0x0
0x13c5	0x11
0x13c7	0x4
0x13ca	0x24
0x13cc	0x0
0x13ef	0x4e487b71
0x13f4	0xe0
0x13f6	0x4e487b7100000000000000000000000000000000000000000000000000000000
0x13f7	0x0
0x13fa	0x41
0x13fc	0x4
0x13ff	0x24
0x1401	0x0
0x1424	0x4e487b71
0x1429	0xe0
0x142b	0x4e487b7100000000000000000000000000000000000000000000000000000000
0x142c	0x0
0x142f	0x11
0x1431	0x4
0x1434	0x24
0x1436	0x0
0x1459	0x4e487b71
0x145e	0xe0
0x1460	0x4e487b7100000000000000000000000000000000000000000000000000000000
0x1461	0x0
0x1464	0x11
0x1466	0x4
0x1469	0x24
0x146b	0x0
0x14b6	0x40
0x14de	0x40
0x159e	0xbd2
0x15c2	0xbd2
0x15e6	0xbd2
0x160a	0xbd2
0x1634	0x1643
0x1636	0x1646
0x1638	0x1649
0x163a	0x164c
0x163c	0x164f
0x163e	0x1652
0x1640	0x1642
0x1644	0x65
0x1647	0xa3
0x164a	0xd7
0x164d	0xf7
0x1650	0x127
0x1653	0x15b
0x650x91	0x148d
0xa30x91	0x148d
0x1270x91	0x148d
0x650x148e	0x40
0xa30x148e	0x40
0x1270x148e	0x40
0x650x96	0x960
0xa30x96	0x960
0x1270x96	0x960
0x650x8e	0x40
0xa30x8e	0x40
0x1270x8e	0x40
